-- phpMyAdmin SQL Dump
-- version 4.7.4
-- https://www.phpmyadmin.net/
--
-- Host: 127.0.0.1
-- Generation Time: 11 Feb 2018 pada 08.29
-- Versi Server: 10.1.30-MariaDB
-- PHP Version: 7.2.1

SET SQL_MODE = "NO_AUTO_VALUE_ON_ZERO";
SET AUTOCOMMIT = 0;
START TRANSACTION;
SET time_zone = "+00:00";


/*!40101 SET @OLD_CHARACTER_SET_CLIENT=@@CHARACTER_SET_CLIENT */;
/*!40101 SET @OLD_CHARACTER_SET_RESULTS=@@CHARACTER_SET_RESULTS */;
/*!40101 SET @OLD_COLLATION_CONNECTION=@@COLLATION_CONNECTION */;
/*!40101 SET NAMES utf8mb4 */;

--
-- Database: `mrptom`
--

-- --------------------------------------------------------

--
-- Struktur dari tabel `boms`
--

CREATE TABLE `boms` (
  `id` int(10) UNSIGNED NOT NULL,
  `commodity_id` int(11) NOT NULL,
  `outlet_id` int(11) NOT NULL,
  `packaging_id` int(11) NOT NULL,
  `quantity` int(11) NOT NULL,
  `created_at` timestamp NULL DEFAULT NULL,
  `updated_at` timestamp NULL DEFAULT NULL
) ENGINE=InnoDB DEFAULT CHARSET=utf8mb4 COLLATE=utf8mb4_unicode_ci;

--
-- Dumping data untuk tabel `boms`
--

INSERT INTO `boms` (`id`, `commodity_id`, `outlet_id`, `packaging_id`, `quantity`, `created_at`, `updated_at`) VALUES
(1, 1, 1, 4, 150, '0000-00-00 00:00:00', '0000-00-00 00:00:00'),
(2, 1, 2, 4, 250, '0000-00-00 00:00:00', '0000-00-00 00:00:00'),
(3, 1, 3, 5, 250, '0000-00-00 00:00:00', '0000-00-00 00:00:00'),
(4, 1, 4, 4, 150, '0000-00-00 00:00:00', '0000-00-00 00:00:00'),
(5, 1, 5, 4, 150, '0000-00-00 00:00:00', '0000-00-00 00:00:00'),
(6, 1, 6, 5, 250, '0000-00-00 00:00:00', '0000-00-00 00:00:00'),
(7, 1, 7, 1, 111, '0000-00-00 00:00:00', '0000-00-00 00:00:00'),
(8, 1, 8, 4, 150, '0000-00-00 00:00:00', '0000-00-00 00:00:00'),
(9, 1, 9, 1, 111, '0000-00-00 00:00:00', '0000-00-00 00:00:00'),
(10, 1, 10, 1, 111, '0000-00-00 00:00:00', '0000-00-00 00:00:00'),
(11, 2, 1, 2, 200, '0000-00-00 00:00:00', '0000-00-00 00:00:00'),
(12, 2, 2, 2, 250, '0000-00-00 00:00:00', '0000-00-00 00:00:00'),
(13, 2, 3, 2, 250, '0000-00-00 00:00:00', '0000-00-00 00:00:00'),
(14, 2, 4, 2, 200, '0000-00-00 00:00:00', '0000-00-00 00:00:00'),
(15, 2, 5, 2, 200, '0000-00-00 00:00:00', '0000-00-00 00:00:00'),
(16, 2, 6, 2, 250, '0000-00-00 00:00:00', '0000-00-00 00:00:00'),
(17, 2, 7, 1, 111, '0000-00-00 00:00:00', '0000-00-00 00:00:00'),
(18, 2, 8, 2, 200, '0000-00-00 00:00:00', '0000-00-00 00:00:00'),
(19, 2, 9, 1, 111, '0000-00-00 00:00:00', '0000-00-00 00:00:00'),
(20, 2, 10, 1, 111, '0000-00-00 00:00:00', '0000-00-00 00:00:00'),
(21, 3, 1, 8, 3, '0000-00-00 00:00:00', '0000-00-00 00:00:00'),
(22, 3, 4, 8, 3, '0000-00-00 00:00:00', '0000-00-00 00:00:00'),
(23, 3, 5, 8, 3, '0000-00-00 00:00:00', '0000-00-00 00:00:00'),
(24, 3, 8, 8, 3, '0000-00-00 00:00:00', '0000-00-00 00:00:00'),
(25, 3, 2, 8, 3, '0000-00-00 00:00:00', '0000-00-00 00:00:00'),
(26, 3, 3, 8, 3, '0000-00-00 00:00:00', '0000-00-00 00:00:00'),
(27, 3, 6, 8, 3, '0000-00-00 00:00:00', '0000-00-00 00:00:00'),
(28, 3, 7, 8, 3, '0000-00-00 00:00:00', '0000-00-00 00:00:00'),
(29, 3, 9, 8, 3, '0000-00-00 00:00:00', '0000-00-00 00:00:00'),
(30, 3, 10, 8, 3, '0000-00-00 00:00:00', '0000-00-00 00:00:00'),
(31, 4, 1, 4, 40, '0000-00-00 00:00:00', '0000-00-00 00:00:00'),
(32, 4, 4, 4, 40, '0000-00-00 00:00:00', '0000-00-00 00:00:00'),
(33, 4, 5, 4, 40, '0000-00-00 00:00:00', '0000-00-00 00:00:00'),
(34, 4, 8, 4, 40, '0000-00-00 00:00:00', '0000-00-00 00:00:00'),
(35, 4, 2, 4, 40, '0000-00-00 00:00:00', '0000-00-00 00:00:00'),
(36, 4, 3, 4, 40, '0000-00-00 00:00:00', '0000-00-00 00:00:00'),
(37, 4, 6, 4, 40, '0000-00-00 00:00:00', '0000-00-00 00:00:00'),
(38, 4, 7, 4, 40, '0000-00-00 00:00:00', '0000-00-00 00:00:00'),
(39, 4, 9, 4, 40, '0000-00-00 00:00:00', '0000-00-00 00:00:00'),
(40, 4, 10, 4, 40, '0000-00-00 00:00:00', '0000-00-00 00:00:00'),
(41, 5, 1, 4, 40, '0000-00-00 00:00:00', '0000-00-00 00:00:00'),
(42, 5, 4, 4, 40, '0000-00-00 00:00:00', '0000-00-00 00:00:00'),
(43, 5, 5, 4, 40, '0000-00-00 00:00:00', '0000-00-00 00:00:00'),
(44, 5, 8, 4, 40, '0000-00-00 00:00:00', '0000-00-00 00:00:00'),
(45, 5, 2, 4, 40, '0000-00-00 00:00:00', '0000-00-00 00:00:00'),
(46, 5, 3, 4, 40, '0000-00-00 00:00:00', '0000-00-00 00:00:00'),
(47, 5, 6, 4, 40, '0000-00-00 00:00:00', '0000-00-00 00:00:00'),
(48, 5, 7, 4, 40, '0000-00-00 00:00:00', '0000-00-00 00:00:00'),
(49, 5, 9, 4, 40, '0000-00-00 00:00:00', '0000-00-00 00:00:00'),
(50, 5, 10, 4, 40, '0000-00-00 00:00:00', '0000-00-00 00:00:00'),
(51, 6, 1, 4, 40, '0000-00-00 00:00:00', '0000-00-00 00:00:00'),
(52, 6, 4, 4, 40, '0000-00-00 00:00:00', '0000-00-00 00:00:00'),
(53, 6, 5, 4, 40, '0000-00-00 00:00:00', '0000-00-00 00:00:00'),
(54, 6, 8, 4, 40, '0000-00-00 00:00:00', '0000-00-00 00:00:00'),
(55, 6, 2, 4, 40, '0000-00-00 00:00:00', '0000-00-00 00:00:00'),
(56, 6, 3, 4, 40, '0000-00-00 00:00:00', '0000-00-00 00:00:00'),
(57, 6, 6, 4, 40, '0000-00-00 00:00:00', '0000-00-00 00:00:00'),
(58, 6, 7, 4, 40, '0000-00-00 00:00:00', '0000-00-00 00:00:00'),
(59, 6, 9, 4, 40, '0000-00-00 00:00:00', '0000-00-00 00:00:00'),
(60, 6, 10, 4, 40, '0000-00-00 00:00:00', '0000-00-00 00:00:00'),
(61, 7, 1, 1, 150, '0000-00-00 00:00:00', '0000-00-00 00:00:00'),
(62, 7, 4, 1, 150, '0000-00-00 00:00:00', '0000-00-00 00:00:00'),
(63, 7, 5, 1, 150, '0000-00-00 00:00:00', '0000-00-00 00:00:00'),
(64, 7, 8, 1, 150, '0000-00-00 00:00:00', '0000-00-00 00:00:00'),
(65, 7, 2, 2, 250, '0000-00-00 00:00:00', '0000-00-00 00:00:00'),
(66, 7, 3, 2, 300, '0000-00-00 00:00:00', '0000-00-00 00:00:00'),
(67, 7, 6, 2, 300, '0000-00-00 00:00:00', '0000-00-00 00:00:00'),
(68, 7, 7, 4, 40, '0000-00-00 00:00:00', '0000-00-00 00:00:00'),
(69, 7, 9, 4, 40, '0000-00-00 00:00:00', '0000-00-00 00:00:00'),
(70, 7, 10, 4, 40, '0000-00-00 00:00:00', '0000-00-00 00:00:00'),
(71, 8, 1, 4, 40, '0000-00-00 00:00:00', '0000-00-00 00:00:00'),
(72, 8, 4, 4, 40, '0000-00-00 00:00:00', '0000-00-00 00:00:00'),
(73, 8, 5, 4, 40, '0000-00-00 00:00:00', '0000-00-00 00:00:00'),
(74, 8, 8, 4, 40, '0000-00-00 00:00:00', '0000-00-00 00:00:00'),
(75, 8, 2, 4, 40, '0000-00-00 00:00:00', '0000-00-00 00:00:00'),
(76, 8, 3, 4, 40, '0000-00-00 00:00:00', '0000-00-00 00:00:00'),
(77, 8, 6, 4, 40, '0000-00-00 00:00:00', '0000-00-00 00:00:00'),
(78, 8, 7, 4, 40, '0000-00-00 00:00:00', '0000-00-00 00:00:00'),
(79, 8, 9, 4, 40, '0000-00-00 00:00:00', '0000-00-00 00:00:00'),
(80, 8, 10, 4, 40, '0000-00-00 00:00:00', '0000-00-00 00:00:00'),
(81, 9, 1, 3, 250, '0000-00-00 00:00:00', '0000-00-00 00:00:00'),
(82, 9, 4, 3, 250, '0000-00-00 00:00:00', '0000-00-00 00:00:00'),
(83, 9, 5, 3, 250, '0000-00-00 00:00:00', '0000-00-00 00:00:00'),
(84, 9, 8, 3, 250, '0000-00-00 00:00:00', '0000-00-00 00:00:00'),
(85, 9, 2, 3, 250, '0000-00-00 00:00:00', '0000-00-00 00:00:00'),
(86, 9, 3, 6, 500, '0000-00-00 00:00:00', '0000-00-00 00:00:00'),
(87, 9, 6, 6, 500, '0000-00-00 00:00:00', '0000-00-00 00:00:00'),
(88, 9, 7, 4, 40, '0000-00-00 00:00:00', '0000-00-00 00:00:00'),
(89, 9, 9, 4, 40, '0000-00-00 00:00:00', '0000-00-00 00:00:00'),
(90, 9, 10, 4, 40, '0000-00-00 00:00:00', '0000-00-00 00:00:00'),
(91, 10, 1, 6, 1000, '0000-00-00 00:00:00', '0000-00-00 00:00:00'),
(92, 10, 4, 6, 1000, '0000-00-00 00:00:00', '0000-00-00 00:00:00'),
(93, 10, 5, 6, 1000, '0000-00-00 00:00:00', '0000-00-00 00:00:00'),
(94, 10, 8, 6, 1000, '0000-00-00 00:00:00', '0000-00-00 00:00:00'),
(95, 10, 2, 6, 1000, '0000-00-00 00:00:00', '0000-00-00 00:00:00'),
(96, 10, 3, 6, 1000, '0000-00-00 00:00:00', '0000-00-00 00:00:00'),
(97, 10, 6, 6, 1000, '0000-00-00 00:00:00', '0000-00-00 00:00:00'),
(98, 10, 7, 6, 1000, '0000-00-00 00:00:00', '0000-00-00 00:00:00'),
(99, 10, 9, 6, 1000, '0000-00-00 00:00:00', '0000-00-00 00:00:00'),
(100, 10, 10, 6, 1000, '0000-00-00 00:00:00', '0000-00-00 00:00:00'),
(101, 11, 1, 4, 40, '0000-00-00 00:00:00', '0000-00-00 00:00:00'),
(102, 11, 4, 4, 40, '0000-00-00 00:00:00', '0000-00-00 00:00:00'),
(103, 11, 5, 4, 40, '0000-00-00 00:00:00', '0000-00-00 00:00:00'),
(104, 11, 8, 4, 40, '0000-00-00 00:00:00', '0000-00-00 00:00:00'),
(105, 11, 2, 4, 40, '0000-00-00 00:00:00', '0000-00-00 00:00:00'),
(106, 11, 3, 4, 40, '0000-00-00 00:00:00', '0000-00-00 00:00:00'),
(107, 11, 6, 4, 40, '0000-00-00 00:00:00', '0000-00-00 00:00:00'),
(108, 11, 7, 4, 40, '0000-00-00 00:00:00', '0000-00-00 00:00:00'),
(109, 11, 9, 4, 40, '0000-00-00 00:00:00', '0000-00-00 00:00:00'),
(110, 11, 10, 4, 40, '0000-00-00 00:00:00', '0000-00-00 00:00:00'),
(111, 12, 1, 4, 40, '0000-00-00 00:00:00', '0000-00-00 00:00:00'),
(112, 12, 4, 4, 40, '0000-00-00 00:00:00', '0000-00-00 00:00:00'),
(113, 12, 5, 4, 40, '0000-00-00 00:00:00', '0000-00-00 00:00:00'),
(114, 12, 8, 4, 40, '0000-00-00 00:00:00', '0000-00-00 00:00:00'),
(115, 12, 2, 4, 40, '0000-00-00 00:00:00', '0000-00-00 00:00:00'),
(116, 12, 3, 4, 40, '0000-00-00 00:00:00', '0000-00-00 00:00:00'),
(117, 12, 6, 4, 40, '0000-00-00 00:00:00', '0000-00-00 00:00:00'),
(118, 12, 7, 4, 40, '0000-00-00 00:00:00', '0000-00-00 00:00:00'),
(119, 12, 9, 4, 40, '0000-00-00 00:00:00', '0000-00-00 00:00:00'),
(120, 12, 10, 4, 40, '0000-00-00 00:00:00', '0000-00-00 00:00:00'),
(121, 13, 1, 6, 250, '0000-00-00 00:00:00', '0000-00-00 00:00:00'),
(122, 13, 4, 6, 250, '0000-00-00 00:00:00', '0000-00-00 00:00:00'),
(123, 13, 5, 6, 250, '0000-00-00 00:00:00', '0000-00-00 00:00:00'),
(124, 13, 8, 6, 250, '0000-00-00 00:00:00', '0000-00-00 00:00:00'),
(125, 13, 2, 4, 250, '0000-00-00 00:00:00', '0000-00-00 00:00:00'),
(126, 13, 3, 4, 250, '0000-00-00 00:00:00', '0000-00-00 00:00:00'),
(127, 13, 6, 4, 250, '0000-00-00 00:00:00', '0000-00-00 00:00:00'),
(128, 13, 7, 4, 40, '0000-00-00 00:00:00', '0000-00-00 00:00:00'),
(129, 13, 9, 4, 40, '0000-00-00 00:00:00', '0000-00-00 00:00:00'),
(130, 13, 10, 4, 40, '0000-00-00 00:00:00', '0000-00-00 00:00:00'),
(131, 14, 1, 4, 500, '0000-00-00 00:00:00', '0000-00-00 00:00:00'),
(132, 14, 4, 4, 500, '0000-00-00 00:00:00', '0000-00-00 00:00:00'),
(133, 14, 5, 4, 500, '0000-00-00 00:00:00', '0000-00-00 00:00:00'),
(134, 14, 8, 4, 500, '0000-00-00 00:00:00', '0000-00-00 00:00:00'),
(135, 14, 2, 4, 500, '0000-00-00 00:00:00', '0000-00-00 00:00:00'),
(136, 14, 3, 2, 500, '0000-00-00 00:00:00', '0000-00-00 00:00:00'),
(137, 14, 6, 2, 500, '0000-00-00 00:00:00', '0000-00-00 00:00:00'),
(138, 14, 7, 4, 40, '0000-00-00 00:00:00', '0000-00-00 00:00:00'),
(139, 14, 9, 4, 40, '0000-00-00 00:00:00', '0000-00-00 00:00:00'),
(140, 14, 10, 4, 40, '0000-00-00 00:00:00', '0000-00-00 00:00:00'),
(141, 15, 1, 4, 500, '0000-00-00 00:00:00', '0000-00-00 00:00:00'),
(142, 15, 4, 4, 500, '0000-00-00 00:00:00', '0000-00-00 00:00:00'),
(143, 15, 5, 4, 500, '0000-00-00 00:00:00', '0000-00-00 00:00:00'),
(144, 15, 8, 4, 500, '0000-00-00 00:00:00', '0000-00-00 00:00:00'),
(145, 15, 2, 4, 500, '0000-00-00 00:00:00', '0000-00-00 00:00:00'),
(146, 15, 3, 2, 500, '0000-00-00 00:00:00', '0000-00-00 00:00:00'),
(147, 15, 6, 2, 500, '0000-00-00 00:00:00', '0000-00-00 00:00:00'),
(148, 15, 7, 4, 40, '0000-00-00 00:00:00', '0000-00-00 00:00:00'),
(149, 15, 9, 4, 40, '0000-00-00 00:00:00', '0000-00-00 00:00:00'),
(150, 15, 10, 4, 40, '0000-00-00 00:00:00', '0000-00-00 00:00:00'),
(151, 16, 1, 7, 500, '0000-00-00 00:00:00', '0000-00-00 00:00:00'),
(152, 16, 4, 7, 500, '0000-00-00 00:00:00', '0000-00-00 00:00:00'),
(153, 16, 5, 7, 500, '0000-00-00 00:00:00', '0000-00-00 00:00:00'),
(154, 16, 8, 7, 500, '0000-00-00 00:00:00', '0000-00-00 00:00:00'),
(155, 16, 2, 7, 500, '0000-00-00 00:00:00', '0000-00-00 00:00:00'),
(156, 16, 3, 7, 500, '0000-00-00 00:00:00', '0000-00-00 00:00:00'),
(157, 16, 6, 7, 500, '0000-00-00 00:00:00', '0000-00-00 00:00:00'),
(158, 16, 7, 7, 500, '0000-00-00 00:00:00', '0000-00-00 00:00:00'),
(159, 16, 9, 7, 500, '0000-00-00 00:00:00', '0000-00-00 00:00:00'),
(160, 16, 10, 7, 500, '0000-00-00 00:00:00', '0000-00-00 00:00:00'),
(161, 17, 1, 4, 250, '0000-00-00 00:00:00', '0000-00-00 00:00:00'),
(162, 17, 4, 4, 250, '0000-00-00 00:00:00', '0000-00-00 00:00:00'),
(163, 17, 5, 4, 250, '0000-00-00 00:00:00', '0000-00-00 00:00:00'),
(164, 17, 8, 4, 250, '0000-00-00 00:00:00', '0000-00-00 00:00:00'),
(165, 17, 2, 4, 250, '0000-00-00 00:00:00', '0000-00-00 00:00:00'),
(166, 17, 3, 4, 250, '0000-00-00 00:00:00', '0000-00-00 00:00:00'),
(167, 17, 6, 4, 250, '0000-00-00 00:00:00', '0000-00-00 00:00:00'),
(168, 17, 7, 4, 250, '0000-00-00 00:00:00', '0000-00-00 00:00:00'),
(169, 17, 9, 4, 250, '0000-00-00 00:00:00', '0000-00-00 00:00:00'),
(170, 17, 10, 4, 250, '0000-00-00 00:00:00', '0000-00-00 00:00:00'),
(171, 18, 1, 1, 150, '0000-00-00 00:00:00', '0000-00-00 00:00:00'),
(172, 18, 4, 1, 150, '0000-00-00 00:00:00', '0000-00-00 00:00:00'),
(173, 18, 5, 1, 150, '0000-00-00 00:00:00', '0000-00-00 00:00:00'),
(174, 18, 8, 1, 150, '0000-00-00 00:00:00', '0000-00-00 00:00:00'),
(175, 18, 2, 2, 250, '0000-00-00 00:00:00', '0000-00-00 00:00:00'),
(176, 18, 3, 2, 300, '0000-00-00 00:00:00', '0000-00-00 00:00:00'),
(177, 18, 6, 2, 300, '0000-00-00 00:00:00', '0000-00-00 00:00:00'),
(178, 18, 7, 4, 40, '0000-00-00 00:00:00', '0000-00-00 00:00:00'),
(179, 18, 9, 4, 40, '0000-00-00 00:00:00', '0000-00-00 00:00:00'),
(180, 18, 10, 4, 40, '0000-00-00 00:00:00', '0000-00-00 00:00:00'),
(181, 19, 1, 4, 300, '0000-00-00 00:00:00', '0000-00-00 00:00:00'),
(182, 19, 4, 4, 300, '0000-00-00 00:00:00', '0000-00-00 00:00:00'),
(183, 19, 5, 4, 300, '0000-00-00 00:00:00', '0000-00-00 00:00:00'),
(184, 19, 8, 4, 300, '0000-00-00 00:00:00', '0000-00-00 00:00:00'),
(185, 19, 2, 4, 300, '0000-00-00 00:00:00', '0000-00-00 00:00:00'),
(186, 19, 3, 4, 300, '0000-00-00 00:00:00', '0000-00-00 00:00:00'),
(187, 19, 6, 4, 300, '0000-00-00 00:00:00', '0000-00-00 00:00:00'),
(188, 19, 7, 4, 40, '0000-00-00 00:00:00', '0000-00-00 00:00:00'),
(189, 19, 9, 4, 40, '0000-00-00 00:00:00', '0000-00-00 00:00:00'),
(190, 19, 10, 4, 40, '0000-00-00 00:00:00', '0000-00-00 00:00:00'),
(191, 20, 1, 1, 100, '0000-00-00 00:00:00', '0000-00-00 00:00:00'),
(192, 20, 4, 1, 100, '0000-00-00 00:00:00', '0000-00-00 00:00:00'),
(193, 20, 5, 1, 100, '0000-00-00 00:00:00', '0000-00-00 00:00:00'),
(194, 20, 8, 1, 100, '0000-00-00 00:00:00', '0000-00-00 00:00:00'),
(195, 20, 2, 1, 200, '0000-00-00 00:00:00', '0000-00-00 00:00:00'),
(196, 20, 3, 1, 200, '0000-00-00 00:00:00', '0000-00-00 00:00:00'),
(197, 20, 6, 1, 200, '0000-00-00 00:00:00', '0000-00-00 00:00:00'),
(198, 20, 7, 8, 40, '0000-00-00 00:00:00', '0000-00-00 00:00:00'),
(199, 20, 9, 8, 40, '0000-00-00 00:00:00', '0000-00-00 00:00:00'),
(200, 20, 10, 8, 40, '0000-00-00 00:00:00', '0000-00-00 00:00:00'),
(201, 21, 1, 8, 40, '0000-00-00 00:00:00', '0000-00-00 00:00:00'),
(202, 21, 4, 8, 40, '0000-00-00 00:00:00', '0000-00-00 00:00:00'),
(203, 21, 5, 8, 40, '0000-00-00 00:00:00', '0000-00-00 00:00:00'),
(204, 21, 8, 8, 40, '0000-00-00 00:00:00', '0000-00-00 00:00:00'),
(205, 21, 2, 8, 40, '0000-00-00 00:00:00', '0000-00-00 00:00:00'),
(206, 21, 3, 8, 40, '0000-00-00 00:00:00', '0000-00-00 00:00:00'),
(207, 21, 6, 8, 40, '0000-00-00 00:00:00', '0000-00-00 00:00:00'),
(208, 21, 7, 8, 40, '0000-00-00 00:00:00', '0000-00-00 00:00:00'),
(209, 21, 9, 8, 40, '0000-00-00 00:00:00', '0000-00-00 00:00:00'),
(210, 21, 10, 8, 40, '0000-00-00 00:00:00', '0000-00-00 00:00:00'),
(211, 22, 1, 3, 250, '0000-00-00 00:00:00', '0000-00-00 00:00:00'),
(212, 22, 4, 3, 250, '0000-00-00 00:00:00', '0000-00-00 00:00:00'),
(213, 22, 5, 3, 250, '0000-00-00 00:00:00', '0000-00-00 00:00:00'),
(214, 22, 8, 3, 250, '0000-00-00 00:00:00', '0000-00-00 00:00:00'),
(215, 22, 2, 3, 250, '0000-00-00 00:00:00', '0000-00-00 00:00:00'),
(216, 22, 3, 2, 250, '0000-00-00 00:00:00', '0000-00-00 00:00:00'),
(217, 22, 6, 2, 250, '0000-00-00 00:00:00', '0000-00-00 00:00:00'),
(218, 22, 7, 8, 22, '0000-00-00 00:00:00', '0000-00-00 00:00:00'),
(219, 22, 9, 8, 22, '0000-00-00 00:00:00', '0000-00-00 00:00:00'),
(220, 22, 10, 8, 22, '0000-00-00 00:00:00', '0000-00-00 00:00:00'),
(221, 23, 1, 8, 23, '0000-00-00 00:00:00', '0000-00-00 00:00:00'),
(222, 23, 4, 8, 23, '0000-00-00 00:00:00', '0000-00-00 00:00:00'),
(223, 23, 5, 8, 23, '0000-00-00 00:00:00', '0000-00-00 00:00:00'),
(224, 23, 8, 8, 23, '0000-00-00 00:00:00', '0000-00-00 00:00:00'),
(225, 23, 2, 8, 23, '0000-00-00 00:00:00', '0000-00-00 00:00:00'),
(226, 23, 3, 8, 23, '0000-00-00 00:00:00', '0000-00-00 00:00:00'),
(227, 23, 6, 8, 23, '0000-00-00 00:00:00', '0000-00-00 00:00:00'),
(228, 23, 7, 8, 23, '0000-00-00 00:00:00', '0000-00-00 00:00:00'),
(229, 23, 9, 8, 23, '0000-00-00 00:00:00', '0000-00-00 00:00:00'),
(230, 23, 10, 8, 23, '0000-00-00 00:00:00', '0000-00-00 00:00:00'),
(231, 24, 1, 8, 24, '0000-00-00 00:00:00', '0000-00-00 00:00:00'),
(232, 24, 4, 8, 24, '0000-00-00 00:00:00', '0000-00-00 00:00:00'),
(233, 24, 5, 8, 24, '0000-00-00 00:00:00', '0000-00-00 00:00:00'),
(234, 24, 8, 8, 24, '0000-00-00 00:00:00', '0000-00-00 00:00:00'),
(235, 24, 2, 8, 24, '0000-00-00 00:00:00', '0000-00-00 00:00:00'),
(236, 24, 3, 8, 24, '0000-00-00 00:00:00', '0000-00-00 00:00:00'),
(237, 24, 6, 8, 24, '0000-00-00 00:00:00', '0000-00-00 00:00:00'),
(238, 24, 7, 8, 24, '0000-00-00 00:00:00', '0000-00-00 00:00:00'),
(239, 24, 9, 8, 24, '0000-00-00 00:00:00', '0000-00-00 00:00:00'),
(240, 24, 10, 8, 24, '0000-00-00 00:00:00', '0000-00-00 00:00:00'),
(241, 25, 1, 8, 25, '0000-00-00 00:00:00', '0000-00-00 00:00:00'),
(242, 25, 4, 8, 25, '0000-00-00 00:00:00', '0000-00-00 00:00:00'),
(243, 25, 5, 8, 25, '0000-00-00 00:00:00', '0000-00-00 00:00:00'),
(244, 25, 8, 8, 25, '0000-00-00 00:00:00', '0000-00-00 00:00:00'),
(245, 25, 2, 8, 25, '0000-00-00 00:00:00', '0000-00-00 00:00:00'),
(246, 25, 3, 8, 25, '0000-00-00 00:00:00', '0000-00-00 00:00:00'),
(247, 25, 6, 8, 25, '0000-00-00 00:00:00', '0000-00-00 00:00:00'),
(248, 25, 7, 8, 25, '0000-00-00 00:00:00', '0000-00-00 00:00:00'),
(249, 25, 9, 8, 25, '0000-00-00 00:00:00', '0000-00-00 00:00:00'),
(250, 25, 10, 8, 25, '0000-00-00 00:00:00', '0000-00-00 00:00:00'),
(251, 26, 1, 8, 26, '0000-00-00 00:00:00', '0000-00-00 00:00:00'),
(252, 26, 4, 8, 26, '0000-00-00 00:00:00', '0000-00-00 00:00:00'),
(253, 26, 5, 8, 26, '0000-00-00 00:00:00', '0000-00-00 00:00:00'),
(254, 26, 8, 8, 26, '0000-00-00 00:00:00', '0000-00-00 00:00:00'),
(255, 26, 2, 8, 26, '0000-00-00 00:00:00', '0000-00-00 00:00:00'),
(256, 26, 3, 8, 26, '0000-00-00 00:00:00', '0000-00-00 00:00:00'),
(257, 26, 6, 8, 26, '0000-00-00 00:00:00', '0000-00-00 00:00:00'),
(258, 26, 7, 8, 26, '0000-00-00 00:00:00', '0000-00-00 00:00:00'),
(259, 26, 9, 8, 26, '0000-00-00 00:00:00', '0000-00-00 00:00:00'),
(260, 26, 10, 8, 26, '0000-00-00 00:00:00', '0000-00-00 00:00:00'),
(261, 27, 1, 6, 1000, '0000-00-00 00:00:00', '0000-00-00 00:00:00'),
(262, 27, 4, 6, 1000, '0000-00-00 00:00:00', '0000-00-00 00:00:00'),
(263, 27, 5, 6, 1000, '0000-00-00 00:00:00', '0000-00-00 00:00:00'),
(264, 27, 8, 6, 1000, '0000-00-00 00:00:00', '0000-00-00 00:00:00'),
(265, 27, 2, 6, 1000, '0000-00-00 00:00:00', '0000-00-00 00:00:00'),
(266, 27, 3, 6, 1000, '0000-00-00 00:00:00', '0000-00-00 00:00:00'),
(267, 27, 6, 6, 1000, '0000-00-00 00:00:00', '0000-00-00 00:00:00'),
(268, 27, 7, 6, 1000, '0000-00-00 00:00:00', '0000-00-00 00:00:00'),
(269, 27, 9, 6, 1000, '0000-00-00 00:00:00', '0000-00-00 00:00:00'),
(270, 27, 10, 6, 1000, '0000-00-00 00:00:00', '0000-00-00 00:00:00'),
(271, 28, 1, 1, 150, '0000-00-00 00:00:00', '0000-00-00 00:00:00'),
(272, 28, 4, 1, 150, '0000-00-00 00:00:00', '0000-00-00 00:00:00'),
(273, 28, 5, 1, 150, '0000-00-00 00:00:00', '0000-00-00 00:00:00'),
(274, 28, 8, 1, 150, '0000-00-00 00:00:00', '0000-00-00 00:00:00'),
(275, 28, 2, 2, 250, '0000-00-00 00:00:00', '0000-00-00 00:00:00'),
(276, 28, 3, 2, 300, '0000-00-00 00:00:00', '0000-00-00 00:00:00'),
(277, 28, 6, 2, 300, '0000-00-00 00:00:00', '0000-00-00 00:00:00'),
(278, 28, 7, 8, 28, '0000-00-00 00:00:00', '0000-00-00 00:00:00'),
(279, 28, 9, 8, 28, '0000-00-00 00:00:00', '0000-00-00 00:00:00'),
(280, 28, 10, 8, 28, '0000-00-00 00:00:00', '0000-00-00 00:00:00'),
(281, 29, 1, 1, 150, '0000-00-00 00:00:00', '0000-00-00 00:00:00'),
(282, 29, 4, 1, 150, '0000-00-00 00:00:00', '0000-00-00 00:00:00'),
(283, 29, 5, 1, 150, '0000-00-00 00:00:00', '0000-00-00 00:00:00'),
(284, 29, 8, 1, 150, '0000-00-00 00:00:00', '0000-00-00 00:00:00'),
(285, 29, 2, 2, 250, '0000-00-00 00:00:00', '0000-00-00 00:00:00'),
(286, 29, 3, 2, 300, '0000-00-00 00:00:00', '0000-00-00 00:00:00'),
(287, 29, 6, 2, 300, '0000-00-00 00:00:00', '0000-00-00 00:00:00'),
(288, 29, 7, 8, 29, '0000-00-00 00:00:00', '0000-00-00 00:00:00'),
(289, 29, 9, 8, 29, '0000-00-00 00:00:00', '0000-00-00 00:00:00'),
(290, 29, 10, 8, 29, '0000-00-00 00:00:00', '0000-00-00 00:00:00'),
(291, 30, 1, 8, 30, '0000-00-00 00:00:00', '0000-00-00 00:00:00'),
(292, 30, 4, 8, 30, '0000-00-00 00:00:00', '0000-00-00 00:00:00'),
(293, 30, 5, 8, 30, '0000-00-00 00:00:00', '0000-00-00 00:00:00'),
(294, 30, 8, 8, 30, '0000-00-00 00:00:00', '0000-00-00 00:00:00'),
(295, 30, 2, 8, 30, '0000-00-00 00:00:00', '0000-00-00 00:00:00'),
(296, 30, 3, 8, 30, '0000-00-00 00:00:00', '0000-00-00 00:00:00'),
(297, 30, 6, 8, 30, '0000-00-00 00:00:00', '0000-00-00 00:00:00'),
(298, 30, 7, 8, 30, '0000-00-00 00:00:00', '0000-00-00 00:00:00'),
(299, 30, 9, 8, 30, '0000-00-00 00:00:00', '0000-00-00 00:00:00'),
(300, 30, 10, 8, 30, '0000-00-00 00:00:00', '0000-00-00 00:00:00'),
(301, 31, 1, 8, 31, '0000-00-00 00:00:00', '0000-00-00 00:00:00'),
(302, 31, 4, 8, 31, '0000-00-00 00:00:00', '0000-00-00 00:00:00'),
(303, 31, 5, 8, 31, '0000-00-00 00:00:00', '0000-00-00 00:00:00'),
(304, 31, 8, 8, 31, '0000-00-00 00:00:00', '0000-00-00 00:00:00'),
(305, 31, 2, 8, 31, '0000-00-00 00:00:00', '0000-00-00 00:00:00'),
(306, 31, 3, 8, 31, '0000-00-00 00:00:00', '0000-00-00 00:00:00'),
(307, 31, 6, 8, 31, '0000-00-00 00:00:00', '0000-00-00 00:00:00'),
(308, 31, 7, 8, 31, '0000-00-00 00:00:00', '0000-00-00 00:00:00'),
(309, 31, 9, 8, 31, '0000-00-00 00:00:00', '0000-00-00 00:00:00'),
(310, 31, 10, 8, 31, '0000-00-00 00:00:00', '0000-00-00 00:00:00'),
(311, 32, 1, 8, 32, '0000-00-00 00:00:00', '0000-00-00 00:00:00'),
(312, 32, 4, 8, 32, '0000-00-00 00:00:00', '0000-00-00 00:00:00'),
(313, 32, 5, 8, 32, '0000-00-00 00:00:00', '0000-00-00 00:00:00'),
(314, 32, 8, 8, 32, '0000-00-00 00:00:00', '0000-00-00 00:00:00'),
(315, 32, 2, 8, 32, '0000-00-00 00:00:00', '0000-00-00 00:00:00'),
(316, 32, 3, 8, 32, '0000-00-00 00:00:00', '0000-00-00 00:00:00'),
(317, 32, 6, 8, 32, '0000-00-00 00:00:00', '0000-00-00 00:00:00'),
(318, 32, 7, 8, 32, '0000-00-00 00:00:00', '0000-00-00 00:00:00'),
(319, 32, 9, 8, 32, '0000-00-00 00:00:00', '0000-00-00 00:00:00'),
(320, 32, 10, 8, 32, '0000-00-00 00:00:00', '0000-00-00 00:00:00'),
(321, 33, 1, 6, 100, '0000-00-00 00:00:00', '0000-00-00 00:00:00'),
(322, 33, 4, 6, 100, '0000-00-00 00:00:00', '0000-00-00 00:00:00'),
(323, 33, 5, 6, 100, '0000-00-00 00:00:00', '0000-00-00 00:00:00'),
(324, 33, 8, 6, 100, '0000-00-00 00:00:00', '0000-00-00 00:00:00'),
(325, 33, 2, 6, 100, '0000-00-00 00:00:00', '0000-00-00 00:00:00'),
(326, 33, 3, 6, 100, '0000-00-00 00:00:00', '0000-00-00 00:00:00'),
(327, 33, 6, 6, 100, '0000-00-00 00:00:00', '0000-00-00 00:00:00'),
(328, 33, 7, 6, 100, '0000-00-00 00:00:00', '0000-00-00 00:00:00'),
(329, 33, 9, 6, 100, '0000-00-00 00:00:00', '0000-00-00 00:00:00'),
(330, 33, 10, 6, 100, '0000-00-00 00:00:00', '0000-00-00 00:00:00'),
(331, 34, 1, 8, 1000, '0000-00-00 00:00:00', '0000-00-00 00:00:00'),
(332, 34, 4, 8, 1000, '0000-00-00 00:00:00', '0000-00-00 00:00:00'),
(333, 34, 5, 8, 1000, '0000-00-00 00:00:00', '0000-00-00 00:00:00'),
(334, 34, 8, 8, 1000, '0000-00-00 00:00:00', '0000-00-00 00:00:00'),
(335, 34, 2, 8, 1000, '0000-00-00 00:00:00', '0000-00-00 00:00:00'),
(336, 34, 3, 8, 1000, '0000-00-00 00:00:00', '0000-00-00 00:00:00'),
(337, 34, 6, 8, 1000, '0000-00-00 00:00:00', '0000-00-00 00:00:00'),
(338, 34, 7, 8, 1000, '0000-00-00 00:00:00', '0000-00-00 00:00:00'),
(339, 34, 9, 8, 1000, '0000-00-00 00:00:00', '0000-00-00 00:00:00'),
(340, 34, 10, 8, 1000, '0000-00-00 00:00:00', '0000-00-00 00:00:00'),
(341, 35, 1, 8, 1000, '0000-00-00 00:00:00', '0000-00-00 00:00:00'),
(342, 35, 4, 8, 1000, '0000-00-00 00:00:00', '0000-00-00 00:00:00'),
(343, 35, 5, 8, 1000, '0000-00-00 00:00:00', '0000-00-00 00:00:00'),
(344, 35, 8, 8, 1000, '0000-00-00 00:00:00', '0000-00-00 00:00:00'),
(345, 35, 2, 8, 1000, '0000-00-00 00:00:00', '0000-00-00 00:00:00'),
(346, 35, 3, 8, 1000, '0000-00-00 00:00:00', '0000-00-00 00:00:00'),
(347, 35, 6, 8, 1000, '0000-00-00 00:00:00', '0000-00-00 00:00:00'),
(348, 35, 7, 8, 1000, '0000-00-00 00:00:00', '0000-00-00 00:00:00'),
(349, 35, 9, 8, 1000, '0000-00-00 00:00:00', '0000-00-00 00:00:00'),
(350, 35, 10, 8, 1000, '0000-00-00 00:00:00', '0000-00-00 00:00:00'),
(351, 36, 1, 8, 1000, '0000-00-00 00:00:00', '0000-00-00 00:00:00'),
(352, 36, 4, 8, 1000, '0000-00-00 00:00:00', '0000-00-00 00:00:00'),
(353, 36, 5, 8, 1000, '0000-00-00 00:00:00', '0000-00-00 00:00:00'),
(354, 36, 8, 8, 1000, '0000-00-00 00:00:00', '0000-00-00 00:00:00'),
(355, 36, 2, 8, 1000, '0000-00-00 00:00:00', '0000-00-00 00:00:00'),
(356, 36, 3, 8, 1000, '0000-00-00 00:00:00', '0000-00-00 00:00:00'),
(357, 36, 6, 8, 1000, '0000-00-00 00:00:00', '0000-00-00 00:00:00'),
(358, 36, 7, 8, 1000, '0000-00-00 00:00:00', '0000-00-00 00:00:00'),
(359, 36, 9, 8, 1000, '0000-00-00 00:00:00', '0000-00-00 00:00:00'),
(360, 36, 10, 8, 1000, '0000-00-00 00:00:00', '0000-00-00 00:00:00'),
(361, 37, 1, 8, 37, '0000-00-00 00:00:00', '0000-00-00 00:00:00'),
(362, 37, 4, 8, 37, '0000-00-00 00:00:00', '0000-00-00 00:00:00'),
(363, 37, 5, 8, 37, '0000-00-00 00:00:00', '0000-00-00 00:00:00'),
(364, 37, 8, 8, 37, '0000-00-00 00:00:00', '0000-00-00 00:00:00'),
(365, 37, 2, 8, 37, '0000-00-00 00:00:00', '0000-00-00 00:00:00'),
(366, 37, 3, 8, 37, '0000-00-00 00:00:00', '0000-00-00 00:00:00'),
(367, 37, 6, 8, 37, '0000-00-00 00:00:00', '0000-00-00 00:00:00'),
(368, 37, 7, 8, 37, '0000-00-00 00:00:00', '0000-00-00 00:00:00'),
(369, 37, 9, 8, 37, '0000-00-00 00:00:00', '0000-00-00 00:00:00'),
(370, 37, 10, 8, 37, '0000-00-00 00:00:00', '0000-00-00 00:00:00');

-- --------------------------------------------------------

--
-- Struktur dari tabel `commodities`
--

CREATE TABLE `commodities` (
  `id` int(10) UNSIGNED NOT NULL,
  `name` varchar(191) COLLATE utf8mb4_unicode_ci NOT NULL,
  `time` int(11) NOT NULL,
  `scrap` int(11) DEFAULT NULL,
  `created_at` timestamp NULL DEFAULT NULL,
  `updated_at` timestamp NULL DEFAULT NULL
) ENGINE=InnoDB DEFAULT CHARSET=utf8mb4 COLLATE=utf8mb4_unicode_ci;

--
-- Dumping data untuk tabel `commodities`
--

INSERT INTO `commodities` (`id`, `name`, `time`, `scrap`, `created_at`, `updated_at`) VALUES
(1, 'OKRA', 60, 5, '0000-00-00 00:00:00', '0000-00-00 00:00:00'),
(2, 'BAYAM SEKUL', 30, 5, '0000-00-00 00:00:00', '0000-00-00 00:00:00'),
(3, 'PAITSAY', 30, 5, '0000-00-00 00:00:00', '0000-00-00 00:00:00'),
(4, 'PAKCHOY BABY', 25, 5, '0000-00-00 00:00:00', '0000-00-00 00:00:00'),
(5, 'KAILAN BABY', 25, 5, '0000-00-00 00:00:00', '0000-00-00 00:00:00'),
(6, 'DAUN BAWANG 150', 60, 5, '0000-00-00 00:00:00', '0000-00-00 00:00:00'),
(7, 'BAYAM MERAH 250', 30, 5, '0000-00-00 00:00:00', '0000-00-00 00:00:00'),
(8, 'LABU SIAM', 30, 5, '0000-00-00 00:00:00', '0000-00-00 00:00:00'),
(9, 'BEET', 60, 5, '0000-00-00 00:00:00', '0000-00-00 00:00:00'),
(10, 'BROKOLI', 60, 5, '0000-00-00 00:00:00', '0000-00-00 00:00:00'),
(11, 'DAUN BAWANG 250', 60, 5, '0000-00-00 00:00:00', '0000-00-00 00:00:00'),
(12, 'DAUN GINSENG', 30, 5, '0000-00-00 00:00:00', '0000-00-00 00:00:00'),
(13, 'KACANG PANJANG', 45, 5, '0000-00-00 00:00:00', '0000-00-00 00:00:00'),
(14, 'TOMAT', 60, 5, '0000-00-00 00:00:00', '0000-00-00 00:00:00'),
(15, 'WORTEL', 60, 5, '0000-00-00 00:00:00', '0000-00-00 00:00:00'),
(16, 'TERONG  UNGU PANJANG', 45, 5, '0000-00-00 00:00:00', '0000-00-00 00:00:00'),
(17, 'BUNCIS', 45, 5, '0000-00-00 00:00:00', '0000-00-00 00:00:00'),
(18, 'CAISIM BABY', 25, 5, '0000-00-00 00:00:00', '0000-00-00 00:00:00'),
(19, 'BUNCIS BABY', 30, 5, '0000-00-00 00:00:00', '0000-00-00 00:00:00'),
(20, 'PARSLEY', 30, 5, '0000-00-00 00:00:00', '0000-00-00 00:00:00'),
(21, 'KANGKUNG BABY', 30, 5, '0000-00-00 00:00:00', '0000-00-00 00:00:00'),
(22, 'TOMAT CHERRY', 45, 5, '0000-00-00 00:00:00', '0000-00-00 00:00:00'),
(23, 'OKRA MERAH', 60, 5, '0000-00-00 00:00:00', '0000-00-00 00:00:00'),
(24, 'SELADA MERAH', 30, 5, '0000-00-00 00:00:00', '0000-00-00 00:00:00'),
(25, 'KEMANGI', 30, 5, '0000-00-00 00:00:00', '0000-00-00 00:00:00'),
(26, 'PARE HIJAU', 45, 5, '0000-00-00 00:00:00', '0000-00-00 00:00:00'),
(27, 'OYONG', 45, 5, '0000-00-00 00:00:00', '0000-00-00 00:00:00'),
(28, 'BAYAM HIJAU', 30, 5, '0000-00-00 00:00:00', '0000-00-00 00:00:00'),
(29, 'CAISIM', 30, 5, '0000-00-00 00:00:00', '0000-00-00 00:00:00'),
(30, 'KANGKUNG', 30, 5, '0000-00-00 00:00:00', '0000-00-00 00:00:00'),
(31, 'SELADA HIJAU', 30, 5, '0000-00-00 00:00:00', '0000-00-00 00:00:00'),
(32, 'PAKCHOY', 30, 5, '0000-00-00 00:00:00', '0000-00-00 00:00:00'),
(33, 'SELEDRI', 45, 5, '0000-00-00 00:00:00', '0000-00-00 00:00:00'),
(34, 'KEMBANG KOL', 60, 5, '0000-00-00 00:00:00', '0000-00-00 00:00:00'),
(35, 'KOL PUTIH', 60, 5, '0000-00-00 00:00:00', '0000-00-00 00:00:00'),
(36, 'SAWI PUTIH', 60, 5, '0000-00-00 00:00:00', '0000-00-00 00:00:00'),
(37, 'ZUKINI', 60, 5, '0000-00-00 00:00:00', '0000-00-00 00:00:00');

-- --------------------------------------------------------

--
-- Struktur dari tabel `demands`
--

CREATE TABLE `demands` (
  `id` int(10) UNSIGNED NOT NULL,
  `commodity_id` int(11) NOT NULL,
  `outlet_id` int(11) NOT NULL,
  `date` date NOT NULL,
  `quantity` int(11) DEFAULT NULL,
  `created_at` timestamp NULL DEFAULT NULL,
  `updated_at` timestamp NULL DEFAULT NULL
) ENGINE=InnoDB DEFAULT CHARSET=utf8mb4 COLLATE=utf8mb4_unicode_ci;

--
-- Dumping data untuk tabel `demands`
--

INSERT INTO `demands` (`id`, `commodity_id`, `outlet_id`, `date`, `quantity`, `created_at`, `updated_at`) VALUES
(1, 1, 1, '2017-07-01', 25, '0000-00-00 00:00:00', '0000-00-00 00:00:00'),
(2, 2, 1, '2017-07-01', 20, '0000-00-00 00:00:00', '0000-00-00 00:00:00'),
(3, 3, 1, '2017-07-01', 10, '0000-00-00 00:00:00', '0000-00-00 00:00:00'),
(4, 4, 1, '2017-07-01', 23, '0000-00-00 00:00:00', '0000-00-00 00:00:00'),
(5, 5, 1, '2017-07-01', 26, '0000-00-00 00:00:00', '0000-00-00 00:00:00'),
(6, 6, 1, '2017-07-01', 17, '0000-00-00 00:00:00', '0000-00-00 00:00:00'),
(7, 7, 1, '2017-07-01', 0, '0000-00-00 00:00:00', '0000-00-00 00:00:00'),
(8, 8, 1, '2017-07-01', 20, '0000-00-00 00:00:00', '0000-00-00 00:00:00'),
(9, 9, 1, '2017-07-01', 27, '0000-00-00 00:00:00', '0000-00-00 00:00:00'),
(10, 10, 1, '2017-07-01', 38, '0000-00-00 00:00:00', '0000-00-00 00:00:00'),
(11, 11, 1, '2017-07-01', 21, '0000-00-00 00:00:00', '0000-00-00 00:00:00'),
(12, 12, 1, '2017-07-01', 0, '0000-00-00 00:00:00', '0000-00-00 00:00:00'),
(13, 13, 1, '2017-07-01', 31, '0000-00-00 00:00:00', '0000-00-00 00:00:00'),
(14, 14, 1, '2017-07-01', 48, '0000-00-00 00:00:00', '0000-00-00 00:00:00'),
(15, 15, 1, '2017-07-01', 52, '0000-00-00 00:00:00', '0000-00-00 00:00:00'),
(16, 16, 1, '2017-07-01', 0, '0000-00-00 00:00:00', '0000-00-00 00:00:00'),
(17, 17, 1, '2017-07-01', 27, '0000-00-00 00:00:00', '0000-00-00 00:00:00'),
(18, 18, 1, '2017-07-01', 50, '0000-00-00 00:00:00', '0000-00-00 00:00:00'),
(19, 19, 1, '2017-07-01', 20, '0000-00-00 00:00:00', '0000-00-00 00:00:00'),
(20, 20, 1, '2017-07-01', 5, '0000-00-00 00:00:00', '0000-00-00 00:00:00'),
(21, 21, 1, '2017-07-01', 17, '0000-00-00 00:00:00', '0000-00-00 00:00:00'),
(22, 22, 1, '2017-07-01', 0, '0000-00-00 00:00:00', '0000-00-00 00:00:00'),
(23, 23, 1, '2017-07-01', 18, '0000-00-00 00:00:00', '0000-00-00 00:00:00'),
(24, 24, 1, '2017-07-01', 23, '0000-00-00 00:00:00', '0000-00-00 00:00:00'),
(25, 25, 1, '2017-07-01', 0, '0000-00-00 00:00:00', '0000-00-00 00:00:00'),
(26, 26, 1, '2017-07-01', 0, '0000-00-00 00:00:00', '0000-00-00 00:00:00'),
(27, 27, 1, '2017-07-01', 0, '0000-00-00 00:00:00', '0000-00-00 00:00:00'),
(28, 28, 1, '2017-07-01', 28, '0000-00-00 00:00:00', '0000-00-00 00:00:00'),
(29, 29, 1, '2017-07-01', 24, '0000-00-00 00:00:00', '0000-00-00 00:00:00'),
(30, 30, 1, '2017-07-01', 10, '0000-00-00 00:00:00', '0000-00-00 00:00:00'),
(31, 31, 1, '2017-07-01', 20, '0000-00-00 00:00:00', '0000-00-00 00:00:00'),
(32, 32, 1, '2017-07-01', 26, '0000-00-00 00:00:00', '0000-00-00 00:00:00'),
(33, 33, 1, '2017-07-01', 27, '0000-00-00 00:00:00', '0000-00-00 00:00:00'),
(34, 34, 1, '2017-07-01', 0, '0000-00-00 00:00:00', '0000-00-00 00:00:00'),
(35, 35, 1, '2017-07-01', 8, '0000-00-00 00:00:00', '0000-00-00 00:00:00'),
(36, 36, 1, '2017-07-01', 11, '0000-00-00 00:00:00', '0000-00-00 00:00:00'),
(37, 37, 1, '2017-07-01', 0, '0000-00-00 00:00:00', '0000-00-00 00:00:00'),
(38, 1, 9, '2017-07-01', 6, '0000-00-00 00:00:00', '0000-00-00 00:00:00'),
(39, 2, 9, '2017-07-01', 6, '0000-00-00 00:00:00', '0000-00-00 00:00:00'),
(40, 3, 9, '2017-07-01', 0, '0000-00-00 00:00:00', '0000-00-00 00:00:00'),
(41, 4, 9, '2017-07-01', 6, '0000-00-00 00:00:00', '0000-00-00 00:00:00'),
(42, 5, 9, '2017-07-01', 0, '0000-00-00 00:00:00', '0000-00-00 00:00:00'),
(43, 6, 9, '2017-07-01', 0, '0000-00-00 00:00:00', '0000-00-00 00:00:00'),
(44, 7, 9, '2017-07-01', 0, '0000-00-00 00:00:00', '0000-00-00 00:00:00'),
(45, 8, 9, '2017-07-01', 3, '0000-00-00 00:00:00', '0000-00-00 00:00:00'),
(46, 9, 9, '2017-07-01', 0, '0000-00-00 00:00:00', '0000-00-00 00:00:00'),
(47, 10, 9, '2017-07-01', 2, '0000-00-00 00:00:00', '0000-00-00 00:00:00'),
(48, 11, 9, '2017-07-01', 6, '0000-00-00 00:00:00', '0000-00-00 00:00:00'),
(49, 12, 9, '2017-07-01', 0, '0000-00-00 00:00:00', '0000-00-00 00:00:00'),
(50, 13, 9, '2017-07-01', 6, '0000-00-00 00:00:00', '0000-00-00 00:00:00'),
(51, 14, 9, '2017-07-01', 3, '0000-00-00 00:00:00', '0000-00-00 00:00:00'),
(52, 15, 9, '2017-07-01', 3, '0000-00-00 00:00:00', '0000-00-00 00:00:00'),
(53, 16, 9, '2017-07-01', 2, '0000-00-00 00:00:00', '0000-00-00 00:00:00'),
(54, 17, 9, '2017-07-01', 3, '0000-00-00 00:00:00', '0000-00-00 00:00:00'),
(55, 18, 9, '2017-07-01', 0, '0000-00-00 00:00:00', '0000-00-00 00:00:00'),
(56, 19, 9, '2017-07-01', 3, '0000-00-00 00:00:00', '0000-00-00 00:00:00'),
(57, 20, 9, '2017-07-01', 0, '0000-00-00 00:00:00', '0000-00-00 00:00:00'),
(58, 21, 9, '2017-07-01', 6, '0000-00-00 00:00:00', '0000-00-00 00:00:00'),
(59, 22, 9, '2017-07-01', 6, '0000-00-00 00:00:00', '0000-00-00 00:00:00'),
(60, 23, 9, '2017-07-01', 6, '0000-00-00 00:00:00', '0000-00-00 00:00:00'),
(61, 24, 9, '2017-07-01', 0, '0000-00-00 00:00:00', '0000-00-00 00:00:00'),
(62, 25, 9, '2017-07-01', 0, '0000-00-00 00:00:00', '0000-00-00 00:00:00'),
(63, 26, 9, '2017-07-01', 0, '0000-00-00 00:00:00', '0000-00-00 00:00:00'),
(64, 27, 9, '2017-07-01', 1, '0000-00-00 00:00:00', '0000-00-00 00:00:00'),
(65, 28, 9, '2017-07-01', 6, '0000-00-00 00:00:00', '0000-00-00 00:00:00'),
(66, 29, 9, '2017-07-01', 6, '0000-00-00 00:00:00', '0000-00-00 00:00:00'),
(67, 30, 9, '2017-07-01', 6, '0000-00-00 00:00:00', '0000-00-00 00:00:00'),
(68, 31, 9, '2017-07-01', 6, '0000-00-00 00:00:00', '0000-00-00 00:00:00'),
(69, 32, 9, '2017-07-01', 6, '0000-00-00 00:00:00', '0000-00-00 00:00:00'),
(70, 33, 9, '2017-07-01', 6, '0000-00-00 00:00:00', '0000-00-00 00:00:00'),
(71, 34, 9, '2017-07-01', 12, '0000-00-00 00:00:00', '0000-00-00 00:00:00'),
(72, 35, 9, '2017-07-01', 0, '0000-00-00 00:00:00', '0000-00-00 00:00:00'),
(73, 36, 9, '2017-07-01', 0, '0000-00-00 00:00:00', '0000-00-00 00:00:00'),
(74, 37, 9, '2017-07-01', 0, '0000-00-00 00:00:00', '0000-00-00 00:00:00'),
(75, 1, 8, '2017-07-01', 0, '0000-00-00 00:00:00', '0000-00-00 00:00:00'),
(76, 2, 8, '2017-07-01', 0, '0000-00-00 00:00:00', '0000-00-00 00:00:00'),
(77, 3, 8, '2017-07-01', 0, '0000-00-00 00:00:00', '0000-00-00 00:00:00'),
(78, 4, 8, '2017-07-01', 6, '0000-00-00 00:00:00', '0000-00-00 00:00:00'),
(79, 5, 8, '2017-07-01', 0, '0000-00-00 00:00:00', '0000-00-00 00:00:00'),
(80, 6, 8, '2017-07-01', 0, '0000-00-00 00:00:00', '0000-00-00 00:00:00'),
(81, 7, 8, '2017-07-01', 0, '0000-00-00 00:00:00', '0000-00-00 00:00:00'),
(82, 8, 8, '2017-07-01', 0, '0000-00-00 00:00:00', '0000-00-00 00:00:00'),
(83, 9, 8, '2017-07-01', 0, '0000-00-00 00:00:00', '0000-00-00 00:00:00'),
(84, 10, 8, '2017-07-01', 0, '0000-00-00 00:00:00', '0000-00-00 00:00:00'),
(85, 11, 8, '2017-07-01', 0, '0000-00-00 00:00:00', '0000-00-00 00:00:00'),
(86, 12, 8, '2017-07-01', 0, '0000-00-00 00:00:00', '0000-00-00 00:00:00'),
(87, 13, 8, '2017-07-01', 0, '0000-00-00 00:00:00', '0000-00-00 00:00:00'),
(88, 14, 8, '2017-07-01', 6, '0000-00-00 00:00:00', '0000-00-00 00:00:00'),
(89, 15, 8, '2017-07-01', 0, '0000-00-00 00:00:00', '0000-00-00 00:00:00'),
(90, 16, 8, '2017-07-01', 0, '0000-00-00 00:00:00', '0000-00-00 00:00:00'),
(91, 17, 8, '2017-07-01', 6, '0000-00-00 00:00:00', '0000-00-00 00:00:00'),
(92, 18, 8, '2017-07-01', 6, '0000-00-00 00:00:00', '0000-00-00 00:00:00'),
(93, 19, 8, '2017-07-01', 6, '0000-00-00 00:00:00', '0000-00-00 00:00:00'),
(94, 20, 8, '2017-07-01', 0, '0000-00-00 00:00:00', '0000-00-00 00:00:00'),
(95, 21, 8, '2017-07-01', 6, '0000-00-00 00:00:00', '0000-00-00 00:00:00'),
(96, 22, 8, '2017-07-01', 6, '0000-00-00 00:00:00', '0000-00-00 00:00:00'),
(97, 23, 8, '2017-07-01', 0, '0000-00-00 00:00:00', '0000-00-00 00:00:00'),
(98, 24, 8, '2017-07-01', 0, '0000-00-00 00:00:00', '0000-00-00 00:00:00'),
(99, 25, 8, '2017-07-01', 0, '0000-00-00 00:00:00', '0000-00-00 00:00:00'),
(100, 26, 8, '2017-07-01', 0, '0000-00-00 00:00:00', '0000-00-00 00:00:00'),
(101, 27, 8, '2017-07-01', 0, '0000-00-00 00:00:00', '0000-00-00 00:00:00'),
(102, 28, 8, '2017-07-01', 0, '0000-00-00 00:00:00', '0000-00-00 00:00:00'),
(103, 29, 8, '2017-07-01', 6, '0000-00-00 00:00:00', '0000-00-00 00:00:00'),
(104, 30, 8, '2017-07-01', 0, '0000-00-00 00:00:00', '0000-00-00 00:00:00'),
(105, 31, 8, '2017-07-01', 0, '0000-00-00 00:00:00', '0000-00-00 00:00:00'),
(106, 32, 8, '2017-07-01', 6, '0000-00-00 00:00:00', '0000-00-00 00:00:00'),
(107, 33, 8, '2017-07-01', 0, '0000-00-00 00:00:00', '0000-00-00 00:00:00'),
(108, 34, 8, '2017-07-01', 0, '0000-00-00 00:00:00', '0000-00-00 00:00:00'),
(109, 35, 8, '2017-07-01', 0, '0000-00-00 00:00:00', '0000-00-00 00:00:00'),
(110, 36, 8, '2017-07-01', 0, '0000-00-00 00:00:00', '0000-00-00 00:00:00'),
(111, 37, 8, '2017-07-01', 0, '0000-00-00 00:00:00', '0000-00-00 00:00:00'),
(112, 1, 1, '2017-07-02', 32, '0000-00-00 00:00:00', '0000-00-00 00:00:00'),
(113, 2, 1, '2017-07-02', 22, '0000-00-00 00:00:00', '0000-00-00 00:00:00'),
(114, 3, 1, '2017-07-02', 10, '0000-00-00 00:00:00', '0000-00-00 00:00:00'),
(115, 4, 1, '2017-07-02', 36, '0000-00-00 00:00:00', '0000-00-00 00:00:00'),
(116, 5, 1, '2017-07-02', 29, '0000-00-00 00:00:00', '0000-00-00 00:00:00'),
(117, 6, 1, '2017-07-02', 28, '0000-00-00 00:00:00', '0000-00-00 00:00:00'),
(118, 7, 1, '2017-07-02', 0, '0000-00-00 00:00:00', '0000-00-00 00:00:00'),
(119, 8, 1, '2017-07-02', 25, '0000-00-00 00:00:00', '0000-00-00 00:00:00'),
(120, 9, 1, '2017-07-02', 0, '0000-00-00 00:00:00', '0000-00-00 00:00:00'),
(121, 10, 1, '2017-07-02', 44, '0000-00-00 00:00:00', '0000-00-00 00:00:00'),
(122, 11, 1, '2017-07-02', 29, '0000-00-00 00:00:00', '0000-00-00 00:00:00'),
(123, 12, 1, '2017-07-02', 0, '0000-00-00 00:00:00', '0000-00-00 00:00:00'),
(124, 13, 1, '2017-07-02', 24, '0000-00-00 00:00:00', '0000-00-00 00:00:00'),
(125, 14, 1, '2017-07-02', 82, '0000-00-00 00:00:00', '0000-00-00 00:00:00'),
(126, 15, 1, '2017-07-02', 94, '0000-00-00 00:00:00', '0000-00-00 00:00:00'),
(127, 16, 1, '2017-07-02', 33, '0000-00-00 00:00:00', '0000-00-00 00:00:00'),
(128, 17, 1, '2017-07-02', 47, '0000-00-00 00:00:00', '0000-00-00 00:00:00'),
(129, 18, 1, '2017-07-02', 60, '0000-00-00 00:00:00', '0000-00-00 00:00:00'),
(130, 19, 1, '2017-07-02', 0, '0000-00-00 00:00:00', '0000-00-00 00:00:00'),
(131, 20, 1, '2017-07-02', 21, '0000-00-00 00:00:00', '0000-00-00 00:00:00'),
(132, 21, 1, '2017-07-02', 31, '0000-00-00 00:00:00', '0000-00-00 00:00:00'),
(133, 22, 1, '2017-07-02', 0, '0000-00-00 00:00:00', '0000-00-00 00:00:00'),
(134, 23, 1, '2017-07-02', 24, '0000-00-00 00:00:00', '0000-00-00 00:00:00'),
(135, 24, 1, '2017-07-02', 0, '0000-00-00 00:00:00', '0000-00-00 00:00:00'),
(136, 25, 1, '2017-07-02', 0, '0000-00-00 00:00:00', '0000-00-00 00:00:00'),
(137, 26, 1, '2017-07-02', 13, '0000-00-00 00:00:00', '0000-00-00 00:00:00'),
(138, 27, 1, '2017-07-02', 14, '0000-00-00 00:00:00', '0000-00-00 00:00:00'),
(139, 28, 1, '2017-07-02', 0, '0000-00-00 00:00:00', '0000-00-00 00:00:00'),
(140, 29, 1, '2017-07-02', 31, '0000-00-00 00:00:00', '0000-00-00 00:00:00'),
(141, 30, 1, '2017-07-02', 31, '0000-00-00 00:00:00', '0000-00-00 00:00:00'),
(142, 31, 1, '2017-07-02', 0, '0000-00-00 00:00:00', '0000-00-00 00:00:00'),
(143, 32, 1, '2017-07-02', 46, '0000-00-00 00:00:00', '0000-00-00 00:00:00'),
(144, 33, 1, '2017-07-02', 0, '0000-00-00 00:00:00', '0000-00-00 00:00:00'),
(145, 34, 1, '2017-07-02', 0, '0000-00-00 00:00:00', '0000-00-00 00:00:00'),
(146, 35, 1, '2017-07-02', 0, '0000-00-00 00:00:00', '0000-00-00 00:00:00'),
(147, 36, 1, '2017-07-02', 0, '0000-00-00 00:00:00', '0000-00-00 00:00:00'),
(148, 37, 1, '2017-07-02', 0, '0000-00-00 00:00:00', '0000-00-00 00:00:00'),
(149, 1, 3, '2017-07-02', 0, '0000-00-00 00:00:00', '0000-00-00 00:00:00'),
(150, 2, 3, '2017-07-02', 0, '0000-00-00 00:00:00', '0000-00-00 00:00:00'),
(151, 3, 3, '2017-07-02', 0, '0000-00-00 00:00:00', '0000-00-00 00:00:00'),
(152, 4, 3, '2017-07-02', 0, '0000-00-00 00:00:00', '0000-00-00 00:00:00'),
(153, 5, 3, '2017-07-02', 0, '0000-00-00 00:00:00', '0000-00-00 00:00:00'),
(154, 6, 3, '2017-07-02', 0, '0000-00-00 00:00:00', '0000-00-00 00:00:00'),
(155, 7, 3, '2017-07-02', 10, '0000-00-00 00:00:00', '0000-00-00 00:00:00'),
(156, 8, 3, '2017-07-02', 0, '0000-00-00 00:00:00', '0000-00-00 00:00:00'),
(157, 9, 3, '2017-07-02', 0, '0000-00-00 00:00:00', '0000-00-00 00:00:00'),
(158, 10, 3, '2017-07-02', 5, '0000-00-00 00:00:00', '0000-00-00 00:00:00'),
(159, 11, 3, '2017-07-02', 10, '0000-00-00 00:00:00', '0000-00-00 00:00:00'),
(160, 12, 3, '2017-07-02', 0, '0000-00-00 00:00:00', '0000-00-00 00:00:00'),
(161, 13, 3, '2017-07-02', 0, '0000-00-00 00:00:00', '0000-00-00 00:00:00'),
(162, 14, 3, '2017-07-02', 0, '0000-00-00 00:00:00', '0000-00-00 00:00:00'),
(163, 15, 3, '2017-07-02', 0, '0000-00-00 00:00:00', '0000-00-00 00:00:00'),
(164, 16, 3, '2017-07-02', 0, '0000-00-00 00:00:00', '0000-00-00 00:00:00'),
(165, 17, 3, '2017-07-02', 0, '0000-00-00 00:00:00', '0000-00-00 00:00:00'),
(166, 18, 3, '2017-07-02', 0, '0000-00-00 00:00:00', '0000-00-00 00:00:00'),
(167, 19, 3, '2017-07-02', 0, '0000-00-00 00:00:00', '0000-00-00 00:00:00'),
(168, 20, 3, '2017-07-02', 0, '0000-00-00 00:00:00', '0000-00-00 00:00:00'),
(169, 21, 3, '2017-07-02', 0, '0000-00-00 00:00:00', '0000-00-00 00:00:00'),
(170, 22, 3, '2017-07-02', 0, '0000-00-00 00:00:00', '0000-00-00 00:00:00'),
(171, 23, 3, '2017-07-02', 0, '0000-00-00 00:00:00', '0000-00-00 00:00:00'),
(172, 24, 3, '2017-07-02', 0, '0000-00-00 00:00:00', '0000-00-00 00:00:00'),
(173, 25, 3, '2017-07-02', 0, '0000-00-00 00:00:00', '0000-00-00 00:00:00'),
(174, 26, 3, '2017-07-02', 0, '0000-00-00 00:00:00', '0000-00-00 00:00:00'),
(175, 27, 3, '2017-07-02', 0, '0000-00-00 00:00:00', '0000-00-00 00:00:00'),
(176, 28, 3, '2017-07-02', 0, '0000-00-00 00:00:00', '0000-00-00 00:00:00'),
(177, 29, 3, '2017-07-02', 10, '0000-00-00 00:00:00', '0000-00-00 00:00:00'),
(178, 30, 3, '2017-07-02', 10, '0000-00-00 00:00:00', '0000-00-00 00:00:00'),
(179, 31, 3, '2017-07-02', 10, '0000-00-00 00:00:00', '0000-00-00 00:00:00'),
(180, 32, 3, '2017-07-02', 10, '0000-00-00 00:00:00', '0000-00-00 00:00:00'),
(181, 33, 3, '2017-07-02', 0, '0000-00-00 00:00:00', '0000-00-00 00:00:00'),
(182, 34, 3, '2017-07-02', 0, '0000-00-00 00:00:00', '0000-00-00 00:00:00'),
(183, 35, 3, '2017-07-02', 0, '0000-00-00 00:00:00', '0000-00-00 00:00:00'),
(184, 36, 3, '2017-07-02', 0, '0000-00-00 00:00:00', '0000-00-00 00:00:00'),
(185, 37, 3, '2017-07-02', 0, '0000-00-00 00:00:00', '0000-00-00 00:00:00'),
(186, 1, 10, '2017-07-02', 0, '0000-00-00 00:00:00', '0000-00-00 00:00:00'),
(187, 2, 10, '2017-07-02', 0, '0000-00-00 00:00:00', '0000-00-00 00:00:00'),
(188, 3, 10, '2017-07-02', 0, '0000-00-00 00:00:00', '0000-00-00 00:00:00'),
(189, 4, 10, '2017-07-02', 10, '0000-00-00 00:00:00', '0000-00-00 00:00:00'),
(190, 5, 10, '2017-07-02', 5, '0000-00-00 00:00:00', '0000-00-00 00:00:00'),
(191, 6, 10, '2017-07-02', 0, '0000-00-00 00:00:00', '0000-00-00 00:00:00'),
(192, 7, 10, '2017-07-02', 10, '0000-00-00 00:00:00', '0000-00-00 00:00:00'),
(193, 8, 10, '2017-07-02', 3, '0000-00-00 00:00:00', '0000-00-00 00:00:00'),
(194, 9, 10, '2017-07-02', 0, '0000-00-00 00:00:00', '0000-00-00 00:00:00'),
(195, 10, 10, '2017-07-02', 4, '0000-00-00 00:00:00', '0000-00-00 00:00:00'),
(196, 11, 10, '2017-07-02', 10, '0000-00-00 00:00:00', '0000-00-00 00:00:00'),
(197, 12, 10, '2017-07-02', 0, '0000-00-00 00:00:00', '0000-00-00 00:00:00'),
(198, 13, 10, '2017-07-02', 0, '0000-00-00 00:00:00', '0000-00-00 00:00:00'),
(199, 14, 10, '2017-07-02', 0, '0000-00-00 00:00:00', '0000-00-00 00:00:00'),
(200, 15, 10, '2017-07-02', 9, '0000-00-00 00:00:00', '0000-00-00 00:00:00'),
(201, 16, 10, '2017-07-02', 3, '0000-00-00 00:00:00', '0000-00-00 00:00:00'),
(202, 17, 10, '2017-07-02', 10, '0000-00-00 00:00:00', '0000-00-00 00:00:00'),
(203, 18, 10, '2017-07-02', 10, '0000-00-00 00:00:00', '0000-00-00 00:00:00'),
(204, 19, 10, '2017-07-02', 12, '0000-00-00 00:00:00', '0000-00-00 00:00:00'),
(205, 20, 10, '2017-07-02', 10, '0000-00-00 00:00:00', '0000-00-00 00:00:00'),
(206, 21, 10, '2017-07-02', 10, '0000-00-00 00:00:00', '0000-00-00 00:00:00'),
(207, 22, 10, '2017-07-02', 0, '0000-00-00 00:00:00', '0000-00-00 00:00:00'),
(208, 23, 10, '2017-07-02', 0, '0000-00-00 00:00:00', '0000-00-00 00:00:00'),
(209, 24, 10, '2017-07-02', 0, '0000-00-00 00:00:00', '0000-00-00 00:00:00'),
(210, 25, 10, '2017-07-02', 0, '0000-00-00 00:00:00', '0000-00-00 00:00:00'),
(211, 26, 10, '2017-07-02', 0, '0000-00-00 00:00:00', '0000-00-00 00:00:00'),
(212, 27, 10, '2017-07-02', 0, '0000-00-00 00:00:00', '0000-00-00 00:00:00'),
(213, 28, 10, '2017-07-02', 10, '0000-00-00 00:00:00', '0000-00-00 00:00:00'),
(214, 29, 10, '2017-07-02', 10, '0000-00-00 00:00:00', '0000-00-00 00:00:00'),
(215, 30, 10, '2017-07-02', 10, '0000-00-00 00:00:00', '0000-00-00 00:00:00'),
(216, 31, 10, '2017-07-02', 6, '0000-00-00 00:00:00', '0000-00-00 00:00:00'),
(217, 32, 10, '2017-07-02', 9, '0000-00-00 00:00:00', '0000-00-00 00:00:00'),
(218, 33, 10, '2017-07-02', 0, '0000-00-00 00:00:00', '0000-00-00 00:00:00'),
(219, 34, 10, '2017-07-02', 0, '0000-00-00 00:00:00', '0000-00-00 00:00:00'),
(220, 35, 10, '2017-07-02', 3, '0000-00-00 00:00:00', '0000-00-00 00:00:00'),
(221, 36, 10, '2017-07-02', 4, '0000-00-00 00:00:00', '0000-00-00 00:00:00'),
(222, 37, 10, '2017-07-02', 0, '0000-00-00 00:00:00', '0000-00-00 00:00:00'),
(223, 1, 5, '2017-07-02', 0, '0000-00-00 00:00:00', '0000-00-00 00:00:00'),
(224, 2, 5, '2017-07-02', 0, '0000-00-00 00:00:00', '0000-00-00 00:00:00'),
(225, 3, 5, '2017-07-02', 0, '0000-00-00 00:00:00', '0000-00-00 00:00:00'),
(226, 4, 5, '2017-07-02', 10, '0000-00-00 00:00:00', '0000-00-00 00:00:00'),
(227, 5, 5, '2017-07-02', 5, '0000-00-00 00:00:00', '0000-00-00 00:00:00'),
(228, 6, 5, '2017-07-02', 0, '0000-00-00 00:00:00', '0000-00-00 00:00:00'),
(229, 7, 5, '2017-07-02', 15, '0000-00-00 00:00:00', '0000-00-00 00:00:00'),
(230, 8, 5, '2017-07-02', 5, '0000-00-00 00:00:00', '0000-00-00 00:00:00'),
(231, 9, 5, '2017-07-02', 0, '0000-00-00 00:00:00', '0000-00-00 00:00:00'),
(232, 10, 5, '2017-07-02', 3, '0000-00-00 00:00:00', '0000-00-00 00:00:00'),
(233, 11, 5, '2017-07-02', 10, '0000-00-00 00:00:00', '0000-00-00 00:00:00'),
(234, 12, 5, '2017-07-02', 0, '0000-00-00 00:00:00', '0000-00-00 00:00:00'),
(235, 13, 5, '2017-07-02', 0, '0000-00-00 00:00:00', '0000-00-00 00:00:00'),
(236, 14, 5, '2017-07-02', 10, '0000-00-00 00:00:00', '0000-00-00 00:00:00'),
(237, 15, 5, '2017-07-02', 10, '0000-00-00 00:00:00', '0000-00-00 00:00:00'),
(238, 16, 5, '2017-07-02', 0, '0000-00-00 00:00:00', '0000-00-00 00:00:00'),
(239, 17, 5, '2017-07-02', 15, '0000-00-00 00:00:00', '0000-00-00 00:00:00'),
(240, 18, 5, '2017-07-02', 10, '0000-00-00 00:00:00', '0000-00-00 00:00:00'),
(241, 19, 5, '2017-07-02', 10, '0000-00-00 00:00:00', '0000-00-00 00:00:00'),
(242, 20, 5, '2017-07-02', 0, '0000-00-00 00:00:00', '0000-00-00 00:00:00'),
(243, 21, 5, '2017-07-02', 0, '0000-00-00 00:00:00', '0000-00-00 00:00:00'),
(244, 22, 5, '2017-07-02', 0, '0000-00-00 00:00:00', '0000-00-00 00:00:00'),
(245, 23, 5, '2017-07-02', 0, '0000-00-00 00:00:00', '0000-00-00 00:00:00'),
(246, 24, 5, '2017-07-02', 0, '0000-00-00 00:00:00', '0000-00-00 00:00:00'),
(247, 25, 5, '2017-07-02', 0, '0000-00-00 00:00:00', '0000-00-00 00:00:00'),
(248, 26, 5, '2017-07-02', 0, '0000-00-00 00:00:00', '0000-00-00 00:00:00'),
(249, 27, 5, '2017-07-02', 0, '0000-00-00 00:00:00', '0000-00-00 00:00:00'),
(250, 28, 5, '2017-07-02', 5, '0000-00-00 00:00:00', '0000-00-00 00:00:00'),
(251, 29, 5, '2017-07-02', 5, '0000-00-00 00:00:00', '0000-00-00 00:00:00'),
(252, 30, 5, '2017-07-02', 10, '0000-00-00 00:00:00', '0000-00-00 00:00:00'),
(253, 31, 5, '2017-07-02', 10, '0000-00-00 00:00:00', '0000-00-00 00:00:00'),
(254, 32, 5, '2017-07-02', 10, '0000-00-00 00:00:00', '0000-00-00 00:00:00'),
(255, 33, 5, '2017-07-02', 0, '0000-00-00 00:00:00', '0000-00-00 00:00:00'),
(256, 34, 5, '2017-07-02', 0, '0000-00-00 00:00:00', '0000-00-00 00:00:00'),
(257, 35, 5, '2017-07-02', 0, '0000-00-00 00:00:00', '0000-00-00 00:00:00'),
(258, 36, 5, '2017-07-02', 0, '0000-00-00 00:00:00', '0000-00-00 00:00:00'),
(259, 37, 5, '2017-07-02', 0, '0000-00-00 00:00:00', '0000-00-00 00:00:00'),
(260, 1, 9, '2017-07-02', 6, '0000-00-00 00:00:00', '0000-00-00 00:00:00'),
(261, 2, 9, '2017-07-02', 6, '0000-00-00 00:00:00', '0000-00-00 00:00:00'),
(262, 3, 9, '2017-07-02', 0, '0000-00-00 00:00:00', '0000-00-00 00:00:00'),
(263, 4, 9, '2017-07-02', 6, '0000-00-00 00:00:00', '0000-00-00 00:00:00'),
(264, 5, 9, '2017-07-02', 0, '0000-00-00 00:00:00', '0000-00-00 00:00:00'),
(265, 6, 9, '2017-07-02', 0, '0000-00-00 00:00:00', '0000-00-00 00:00:00'),
(266, 7, 9, '2017-07-02', 1, '0000-00-00 00:00:00', '0000-00-00 00:00:00'),
(267, 8, 9, '2017-07-02', 3, '0000-00-00 00:00:00', '0000-00-00 00:00:00'),
(268, 9, 9, '2017-07-02', 0, '0000-00-00 00:00:00', '0000-00-00 00:00:00'),
(269, 10, 9, '2017-07-02', 2, '0000-00-00 00:00:00', '0000-00-00 00:00:00'),
(270, 11, 9, '2017-07-02', 6, '0000-00-00 00:00:00', '0000-00-00 00:00:00'),
(271, 12, 9, '2017-07-02', 0, '0000-00-00 00:00:00', '0000-00-00 00:00:00'),
(272, 13, 9, '2017-07-02', 6, '0000-00-00 00:00:00', '0000-00-00 00:00:00'),
(273, 14, 9, '2017-07-02', 6, '0000-00-00 00:00:00', '0000-00-00 00:00:00'),
(274, 15, 9, '2017-07-02', 6, '0000-00-00 00:00:00', '0000-00-00 00:00:00'),
(275, 16, 9, '2017-07-02', 4, '0000-00-00 00:00:00', '0000-00-00 00:00:00'),
(276, 17, 9, '2017-07-02', 6, '0000-00-00 00:00:00', '0000-00-00 00:00:00'),
(277, 18, 9, '2017-07-02', 0, '0000-00-00 00:00:00', '0000-00-00 00:00:00'),
(278, 19, 9, '2017-07-02', 6, '0000-00-00 00:00:00', '0000-00-00 00:00:00'),
(279, 20, 9, '2017-07-02', 0, '0000-00-00 00:00:00', '0000-00-00 00:00:00'),
(280, 21, 9, '2017-07-02', 0, '0000-00-00 00:00:00', '0000-00-00 00:00:00'),
(281, 22, 9, '2017-07-02', 0, '0000-00-00 00:00:00', '0000-00-00 00:00:00'),
(282, 23, 9, '2017-07-02', 6, '0000-00-00 00:00:00', '0000-00-00 00:00:00'),
(283, 24, 9, '2017-07-02', 0, '0000-00-00 00:00:00', '0000-00-00 00:00:00'),
(284, 25, 9, '2017-07-02', 0, '0000-00-00 00:00:00', '0000-00-00 00:00:00'),
(285, 26, 9, '2017-07-02', 0, '0000-00-00 00:00:00', '0000-00-00 00:00:00'),
(286, 27, 9, '2017-07-02', 1, '0000-00-00 00:00:00', '0000-00-00 00:00:00'),
(287, 28, 9, '2017-07-02', 6, '0000-00-00 00:00:00', '0000-00-00 00:00:00'),
(288, 29, 9, '2017-07-02', 6, '0000-00-00 00:00:00', '0000-00-00 00:00:00'),
(289, 30, 9, '2017-07-02', 6, '0000-00-00 00:00:00', '0000-00-00 00:00:00'),
(290, 31, 9, '2017-07-02', 6, '0000-00-00 00:00:00', '0000-00-00 00:00:00'),
(291, 32, 9, '2017-07-02', 6, '0000-00-00 00:00:00', '0000-00-00 00:00:00'),
(292, 33, 9, '2017-07-02', 0, '0000-00-00 00:00:00', '0000-00-00 00:00:00'),
(293, 34, 9, '2017-07-02', 12, '0000-00-00 00:00:00', '0000-00-00 00:00:00'),
(294, 35, 9, '2017-07-02', 0, '0000-00-00 00:00:00', '0000-00-00 00:00:00'),
(295, 36, 9, '2017-07-02', 0, '0000-00-00 00:00:00', '0000-00-00 00:00:00'),
(296, 37, 9, '2017-07-02', 0, '0000-00-00 00:00:00', '0000-00-00 00:00:00'),
(297, 1, 2, '2017-07-02', 0, '0000-00-00 00:00:00', '0000-00-00 00:00:00'),
(298, 2, 2, '2017-07-02', 0, '0000-00-00 00:00:00', '0000-00-00 00:00:00'),
(299, 3, 2, '2017-07-02', 0, '0000-00-00 00:00:00', '0000-00-00 00:00:00'),
(300, 4, 2, '2017-07-02', 2, '0000-00-00 00:00:00', '0000-00-00 00:00:00'),
(301, 5, 2, '2017-07-02', 0, '0000-00-00 00:00:00', '0000-00-00 00:00:00'),
(302, 6, 2, '2017-07-02', 0, '0000-00-00 00:00:00', '0000-00-00 00:00:00'),
(303, 7, 2, '2017-07-02', 2, '0000-00-00 00:00:00', '0000-00-00 00:00:00'),
(304, 8, 2, '2017-07-02', 2, '0000-00-00 00:00:00', '0000-00-00 00:00:00'),
(305, 9, 2, '2017-07-02', 1, '0000-00-00 00:00:00', '0000-00-00 00:00:00'),
(306, 10, 2, '2017-07-02', 3, '0000-00-00 00:00:00', '0000-00-00 00:00:00'),
(307, 11, 2, '2017-07-02', 2, '0000-00-00 00:00:00', '0000-00-00 00:00:00'),
(308, 12, 2, '2017-07-02', 0, '0000-00-00 00:00:00', '0000-00-00 00:00:00'),
(309, 13, 2, '2017-07-02', 4, '0000-00-00 00:00:00', '0000-00-00 00:00:00'),
(310, 14, 2, '2017-07-02', 2, '0000-00-00 00:00:00', '0000-00-00 00:00:00'),
(311, 15, 2, '2017-07-02', 3, '0000-00-00 00:00:00', '0000-00-00 00:00:00'),
(312, 16, 2, '2017-07-02', 0, '0000-00-00 00:00:00', '0000-00-00 00:00:00'),
(313, 17, 2, '2017-07-02', 2, '0000-00-00 00:00:00', '0000-00-00 00:00:00'),
(314, 18, 2, '2017-07-02', 2, '0000-00-00 00:00:00', '0000-00-00 00:00:00'),
(315, 19, 2, '2017-07-02', 2, '0000-00-00 00:00:00', '0000-00-00 00:00:00'),
(316, 20, 2, '2017-07-02', 0, '0000-00-00 00:00:00', '0000-00-00 00:00:00'),
(317, 21, 2, '2017-07-02', 0, '0000-00-00 00:00:00', '0000-00-00 00:00:00'),
(318, 22, 2, '2017-07-02', 10, '0000-00-00 00:00:00', '0000-00-00 00:00:00'),
(319, 23, 2, '2017-07-02', 0, '0000-00-00 00:00:00', '0000-00-00 00:00:00'),
(320, 24, 2, '2017-07-02', 0, '0000-00-00 00:00:00', '0000-00-00 00:00:00'),
(321, 25, 2, '2017-07-02', 0, '0000-00-00 00:00:00', '0000-00-00 00:00:00'),
(322, 26, 2, '2017-07-02', 0, '0000-00-00 00:00:00', '0000-00-00 00:00:00'),
(323, 27, 2, '2017-07-02', 1, '0000-00-00 00:00:00', '0000-00-00 00:00:00'),
(324, 28, 2, '2017-07-02', 2, '0000-00-00 00:00:00', '0000-00-00 00:00:00'),
(325, 29, 2, '2017-07-02', 2, '0000-00-00 00:00:00', '0000-00-00 00:00:00'),
(326, 30, 2, '2017-07-02', 2, '0000-00-00 00:00:00', '0000-00-00 00:00:00'),
(327, 31, 2, '2017-07-02', 2, '0000-00-00 00:00:00', '0000-00-00 00:00:00'),
(328, 32, 2, '2017-07-02', 2, '0000-00-00 00:00:00', '0000-00-00 00:00:00'),
(329, 33, 2, '2017-07-02', 0, '0000-00-00 00:00:00', '0000-00-00 00:00:00'),
(330, 34, 2, '2017-07-02', 0, '0000-00-00 00:00:00', '0000-00-00 00:00:00'),
(331, 35, 2, '2017-07-02', 0, '0000-00-00 00:00:00', '0000-00-00 00:00:00'),
(332, 36, 2, '2017-07-02', 0, '0000-00-00 00:00:00', '0000-00-00 00:00:00'),
(333, 37, 2, '2017-07-02', 0, '0000-00-00 00:00:00', '0000-00-00 00:00:00'),
(334, 1, 1, '2017-07-03', 18, '0000-00-00 00:00:00', '0000-00-00 00:00:00'),
(335, 2, 1, '2017-07-03', 20, '0000-00-00 00:00:00', '0000-00-00 00:00:00'),
(336, 3, 1, '2017-07-03', 13, '0000-00-00 00:00:00', '0000-00-00 00:00:00'),
(337, 4, 1, '2017-07-03', 37, '0000-00-00 00:00:00', '0000-00-00 00:00:00'),
(338, 5, 1, '2017-07-03', 23, '0000-00-00 00:00:00', '0000-00-00 00:00:00'),
(339, 6, 1, '2017-07-03', 17, '0000-00-00 00:00:00', '0000-00-00 00:00:00'),
(340, 7, 1, '2017-07-03', 0, '0000-00-00 00:00:00', '0000-00-00 00:00:00'),
(341, 8, 1, '2017-07-03', 25, '0000-00-00 00:00:00', '0000-00-00 00:00:00'),
(342, 9, 1, '2017-07-03', 0, '0000-00-00 00:00:00', '0000-00-00 00:00:00'),
(343, 10, 1, '2017-07-03', 42, '0000-00-00 00:00:00', '0000-00-00 00:00:00'),
(344, 11, 1, '2017-07-03', 24, '0000-00-00 00:00:00', '0000-00-00 00:00:00'),
(345, 12, 1, '2017-07-03', 0, '0000-00-00 00:00:00', '0000-00-00 00:00:00'),
(346, 13, 1, '2017-07-03', 26, '0000-00-00 00:00:00', '0000-00-00 00:00:00'),
(347, 14, 1, '2017-07-03', 60, '0000-00-00 00:00:00', '0000-00-00 00:00:00'),
(348, 15, 1, '2017-07-03', 111, '0000-00-00 00:00:00', '0000-00-00 00:00:00'),
(349, 16, 1, '2017-07-03', 27, '0000-00-00 00:00:00', '0000-00-00 00:00:00'),
(350, 17, 1, '2017-07-03', 42, '0000-00-00 00:00:00', '0000-00-00 00:00:00'),
(351, 18, 1, '2017-07-03', 65, '0000-00-00 00:00:00', '0000-00-00 00:00:00'),
(352, 19, 1, '2017-07-03', 35, '0000-00-00 00:00:00', '0000-00-00 00:00:00'),
(353, 20, 1, '2017-07-03', 11, '0000-00-00 00:00:00', '0000-00-00 00:00:00'),
(354, 21, 1, '2017-07-03', 20, '0000-00-00 00:00:00', '0000-00-00 00:00:00'),
(355, 22, 1, '2017-07-03', 0, '0000-00-00 00:00:00', '0000-00-00 00:00:00'),
(356, 23, 1, '2017-07-03', 21, '0000-00-00 00:00:00', '0000-00-00 00:00:00'),
(357, 24, 1, '2017-07-03', 0, '0000-00-00 00:00:00', '0000-00-00 00:00:00'),
(358, 25, 1, '2017-07-03', 0, '0000-00-00 00:00:00', '0000-00-00 00:00:00'),
(359, 26, 1, '2017-07-03', 14, '0000-00-00 00:00:00', '0000-00-00 00:00:00'),
(360, 27, 1, '2017-07-03', 14, '0000-00-00 00:00:00', '0000-00-00 00:00:00'),
(361, 28, 1, '2017-07-03', 30, '0000-00-00 00:00:00', '0000-00-00 00:00:00'),
(362, 29, 1, '2017-07-03', 13, '0000-00-00 00:00:00', '0000-00-00 00:00:00'),
(363, 30, 1, '2017-07-03', 22, '0000-00-00 00:00:00', '0000-00-00 00:00:00'),
(364, 31, 1, '2017-07-03', 17, '0000-00-00 00:00:00', '0000-00-00 00:00:00'),
(365, 32, 1, '2017-07-03', 21, '0000-00-00 00:00:00', '0000-00-00 00:00:00'),
(366, 33, 1, '2017-07-03', 16, '0000-00-00 00:00:00', '0000-00-00 00:00:00'),
(367, 34, 1, '2017-07-03', 0, '0000-00-00 00:00:00', '0000-00-00 00:00:00'),
(368, 35, 1, '2017-07-03', 0, '0000-00-00 00:00:00', '0000-00-00 00:00:00'),
(369, 36, 1, '2017-07-03', 9, '0000-00-00 00:00:00', '0000-00-00 00:00:00'),
(370, 37, 1, '2017-07-03', 0, '0000-00-00 00:00:00', '0000-00-00 00:00:00'),
(371, 1, 10, '2017-07-03', 14, '0000-00-00 00:00:00', '0000-00-00 00:00:00'),
(372, 2, 10, '2017-07-03', 0, '0000-00-00 00:00:00', '0000-00-00 00:00:00'),
(373, 3, 10, '2017-07-03', 8, '0000-00-00 00:00:00', '0000-00-00 00:00:00'),
(374, 4, 10, '2017-07-03', 10, '0000-00-00 00:00:00', '0000-00-00 00:00:00'),
(375, 5, 10, '2017-07-03', 5, '0000-00-00 00:00:00', '0000-00-00 00:00:00'),
(376, 6, 10, '2017-07-03', 0, '0000-00-00 00:00:00', '0000-00-00 00:00:00'),
(377, 7, 10, '2017-07-03', 10, '0000-00-00 00:00:00', '0000-00-00 00:00:00'),
(378, 8, 10, '2017-07-03', 3, '0000-00-00 00:00:00', '0000-00-00 00:00:00'),
(379, 9, 10, '2017-07-03', 0, '0000-00-00 00:00:00', '0000-00-00 00:00:00'),
(380, 10, 10, '2017-07-03', 4, '0000-00-00 00:00:00', '0000-00-00 00:00:00'),
(381, 11, 10, '2017-07-03', 10, '0000-00-00 00:00:00', '0000-00-00 00:00:00'),
(382, 12, 10, '2017-07-03', 0, '0000-00-00 00:00:00', '0000-00-00 00:00:00'),
(383, 13, 10, '2017-07-03', 0, '0000-00-00 00:00:00', '0000-00-00 00:00:00'),
(384, 14, 10, '2017-07-03', 0, '0000-00-00 00:00:00', '0000-00-00 00:00:00'),
(385, 15, 10, '2017-07-03', 9, '0000-00-00 00:00:00', '0000-00-00 00:00:00'),
(386, 16, 10, '2017-07-03', 3, '0000-00-00 00:00:00', '0000-00-00 00:00:00'),
(387, 17, 10, '2017-07-03', 10, '0000-00-00 00:00:00', '0000-00-00 00:00:00'),
(388, 18, 10, '2017-07-03', 10, '0000-00-00 00:00:00', '0000-00-00 00:00:00'),
(389, 19, 10, '2017-07-03', 12, '0000-00-00 00:00:00', '0000-00-00 00:00:00'),
(390, 20, 10, '2017-07-03', 10, '0000-00-00 00:00:00', '0000-00-00 00:00:00'),
(391, 21, 10, '2017-07-03', 10, '0000-00-00 00:00:00', '0000-00-00 00:00:00'),
(392, 22, 10, '2017-07-03', 0, '0000-00-00 00:00:00', '0000-00-00 00:00:00'),
(393, 23, 10, '2017-07-03', 0, '0000-00-00 00:00:00', '0000-00-00 00:00:00'),
(394, 24, 10, '2017-07-03', 0, '0000-00-00 00:00:00', '0000-00-00 00:00:00'),
(395, 25, 10, '2017-07-03', 0, '0000-00-00 00:00:00', '0000-00-00 00:00:00'),
(396, 26, 10, '2017-07-03', 0, '0000-00-00 00:00:00', '0000-00-00 00:00:00'),
(397, 27, 10, '2017-07-03', 0, '0000-00-00 00:00:00', '0000-00-00 00:00:00'),
(398, 28, 10, '2017-07-03', 10, '0000-00-00 00:00:00', '0000-00-00 00:00:00'),
(399, 29, 10, '2017-07-03', 10, '0000-00-00 00:00:00', '0000-00-00 00:00:00'),
(400, 30, 10, '2017-07-03', 10, '0000-00-00 00:00:00', '0000-00-00 00:00:00'),
(401, 31, 10, '2017-07-03', 6, '0000-00-00 00:00:00', '0000-00-00 00:00:00'),
(402, 32, 10, '2017-07-03', 9, '0000-00-00 00:00:00', '0000-00-00 00:00:00'),
(403, 33, 10, '2017-07-03', 0, '0000-00-00 00:00:00', '0000-00-00 00:00:00'),
(404, 34, 10, '2017-07-03', 0, '0000-00-00 00:00:00', '0000-00-00 00:00:00'),
(405, 35, 10, '2017-07-03', 3, '0000-00-00 00:00:00', '0000-00-00 00:00:00'),
(406, 36, 10, '2017-07-03', 4, '0000-00-00 00:00:00', '0000-00-00 00:00:00'),
(407, 37, 10, '2017-07-03', 0, '0000-00-00 00:00:00', '0000-00-00 00:00:00'),
(408, 1, 8, '2017-07-03', 6, '0000-00-00 00:00:00', '0000-00-00 00:00:00'),
(409, 2, 8, '2017-07-03', 6, '0000-00-00 00:00:00', '0000-00-00 00:00:00'),
(410, 3, 8, '2017-07-03', 6, '0000-00-00 00:00:00', '0000-00-00 00:00:00'),
(411, 4, 8, '2017-07-03', 24, '0000-00-00 00:00:00', '0000-00-00 00:00:00'),
(412, 5, 8, '2017-07-03', 6, '0000-00-00 00:00:00', '0000-00-00 00:00:00'),
(413, 6, 8, '2017-07-03', 6, '0000-00-00 00:00:00', '0000-00-00 00:00:00'),
(414, 7, 8, '2017-07-03', 6, '0000-00-00 00:00:00', '0000-00-00 00:00:00'),
(415, 8, 8, '2017-07-03', 6, '0000-00-00 00:00:00', '0000-00-00 00:00:00'),
(416, 9, 8, '2017-07-03', 6, '0000-00-00 00:00:00', '0000-00-00 00:00:00'),
(417, 10, 8, '2017-07-03', 9, '0000-00-00 00:00:00', '0000-00-00 00:00:00'),
(418, 11, 8, '2017-07-03', 6, '0000-00-00 00:00:00', '0000-00-00 00:00:00'),
(419, 12, 8, '2017-07-03', 6, '0000-00-00 00:00:00', '0000-00-00 00:00:00'),
(420, 13, 8, '2017-07-03', 12, '0000-00-00 00:00:00', '0000-00-00 00:00:00'),
(421, 14, 8, '2017-07-03', 12, '0000-00-00 00:00:00', '0000-00-00 00:00:00'),
(422, 15, 8, '2017-07-03', 12, '0000-00-00 00:00:00', '0000-00-00 00:00:00'),
(423, 16, 8, '2017-07-03', 6, '0000-00-00 00:00:00', '0000-00-00 00:00:00'),
(424, 17, 8, '2017-07-03', 24, '0000-00-00 00:00:00', '0000-00-00 00:00:00'),
(425, 18, 8, '2017-07-03', 12, '0000-00-00 00:00:00', '0000-00-00 00:00:00'),
(426, 19, 8, '2017-07-03', 12, '0000-00-00 00:00:00', '0000-00-00 00:00:00'),
(427, 20, 8, '2017-07-03', 6, '0000-00-00 00:00:00', '0000-00-00 00:00:00'),
(428, 21, 8, '2017-07-03', 12, '0000-00-00 00:00:00', '0000-00-00 00:00:00'),
(429, 22, 8, '2017-07-03', 12, '0000-00-00 00:00:00', '0000-00-00 00:00:00'),
(430, 23, 8, '2017-07-03', 6, '0000-00-00 00:00:00', '0000-00-00 00:00:00'),
(431, 24, 8, '2017-07-03', 6, '0000-00-00 00:00:00', '0000-00-00 00:00:00'),
(432, 25, 8, '2017-07-03', 6, '0000-00-00 00:00:00', '0000-00-00 00:00:00'),
(433, 26, 8, '2017-07-03', 6, '0000-00-00 00:00:00', '0000-00-00 00:00:00'),
(434, 27, 8, '2017-07-03', 9, '0000-00-00 00:00:00', '0000-00-00 00:00:00'),
(435, 28, 8, '2017-07-03', 18, '0000-00-00 00:00:00', '0000-00-00 00:00:00'),
(436, 29, 8, '2017-07-03', 24, '0000-00-00 00:00:00', '0000-00-00 00:00:00'),
(437, 30, 8, '2017-07-03', 12, '0000-00-00 00:00:00', '0000-00-00 00:00:00'),
(438, 31, 8, '2017-07-03', 6, '0000-00-00 00:00:00', '0000-00-00 00:00:00'),
(439, 32, 8, '2017-07-03', 18, '0000-00-00 00:00:00', '0000-00-00 00:00:00'),
(440, 33, 8, '2017-07-03', 6, '0000-00-00 00:00:00', '0000-00-00 00:00:00'),
(441, 34, 8, '2017-07-03', 6, '0000-00-00 00:00:00', '0000-00-00 00:00:00'),
(442, 35, 8, '2017-07-03', 0, '0000-00-00 00:00:00', '0000-00-00 00:00:00'),
(443, 36, 8, '2017-07-03', 0, '0000-00-00 00:00:00', '0000-00-00 00:00:00'),
(444, 37, 8, '2017-07-03', 0, '0000-00-00 00:00:00', '0000-00-00 00:00:00'),
(445, 1, 2, '2017-07-03', 0, '0000-00-00 00:00:00', '0000-00-00 00:00:00'),
(446, 2, 2, '2017-07-03', 0, '0000-00-00 00:00:00', '0000-00-00 00:00:00'),
(447, 3, 2, '2017-07-03', 0, '0000-00-00 00:00:00', '0000-00-00 00:00:00'),
(448, 4, 2, '2017-07-03', 3, '0000-00-00 00:00:00', '0000-00-00 00:00:00'),
(449, 5, 2, '2017-07-03', 3, '0000-00-00 00:00:00', '0000-00-00 00:00:00'),
(450, 6, 2, '2017-07-03', 0, '0000-00-00 00:00:00', '0000-00-00 00:00:00'),
(451, 7, 2, '2017-07-03', 0, '0000-00-00 00:00:00', '0000-00-00 00:00:00'),
(452, 8, 2, '2017-07-03', 6, '0000-00-00 00:00:00', '0000-00-00 00:00:00'),
(453, 9, 2, '2017-07-03', 3, '0000-00-00 00:00:00', '0000-00-00 00:00:00'),
(454, 10, 2, '2017-07-03', 0, '0000-00-00 00:00:00', '0000-00-00 00:00:00'),
(455, 11, 2, '2017-07-03', 0, '0000-00-00 00:00:00', '0000-00-00 00:00:00'),
(456, 12, 2, '2017-07-03', 0, '0000-00-00 00:00:00', '0000-00-00 00:00:00'),
(457, 13, 2, '2017-07-03', 2, '0000-00-00 00:00:00', '0000-00-00 00:00:00'),
(458, 14, 2, '2017-07-03', 0, '0000-00-00 00:00:00', '0000-00-00 00:00:00'),
(459, 15, 2, '2017-07-03', 5, '0000-00-00 00:00:00', '0000-00-00 00:00:00'),
(460, 16, 2, '2017-07-03', 0, '0000-00-00 00:00:00', '0000-00-00 00:00:00'),
(461, 17, 2, '2017-07-03', 3, '0000-00-00 00:00:00', '0000-00-00 00:00:00'),
(462, 18, 2, '2017-07-03', 0, '0000-00-00 00:00:00', '0000-00-00 00:00:00'),
(463, 19, 2, '2017-07-03', 3, '0000-00-00 00:00:00', '0000-00-00 00:00:00'),
(464, 20, 2, '2017-07-03', 0, '0000-00-00 00:00:00', '0000-00-00 00:00:00'),
(465, 21, 2, '2017-07-03', 0, '0000-00-00 00:00:00', '0000-00-00 00:00:00'),
(466, 22, 2, '2017-07-03', 0, '0000-00-00 00:00:00', '0000-00-00 00:00:00'),
(467, 23, 2, '2017-07-03', 0, '0000-00-00 00:00:00', '0000-00-00 00:00:00'),
(468, 24, 2, '2017-07-03', 0, '0000-00-00 00:00:00', '0000-00-00 00:00:00'),
(469, 25, 2, '2017-07-03', 0, '0000-00-00 00:00:00', '0000-00-00 00:00:00'),
(470, 26, 2, '2017-07-03', 0, '0000-00-00 00:00:00', '0000-00-00 00:00:00'),
(471, 27, 2, '2017-07-03', 1, '0000-00-00 00:00:00', '0000-00-00 00:00:00'),
(472, 28, 2, '2017-07-03', 0, '0000-00-00 00:00:00', '0000-00-00 00:00:00'),
(473, 29, 2, '2017-07-03', 0, '0000-00-00 00:00:00', '0000-00-00 00:00:00'),
(474, 30, 2, '2017-07-03', 0, '0000-00-00 00:00:00', '0000-00-00 00:00:00'),
(475, 31, 2, '2017-07-03', 0, '0000-00-00 00:00:00', '0000-00-00 00:00:00'),
(476, 32, 2, '2017-07-03', 0, '0000-00-00 00:00:00', '0000-00-00 00:00:00'),
(477, 33, 2, '2017-07-03', 0, '0000-00-00 00:00:00', '0000-00-00 00:00:00'),
(478, 34, 2, '2017-07-03', 0, '0000-00-00 00:00:00', '0000-00-00 00:00:00'),
(479, 35, 2, '2017-07-03', 0, '0000-00-00 00:00:00', '0000-00-00 00:00:00'),
(480, 36, 2, '2017-07-03', 0, '0000-00-00 00:00:00', '0000-00-00 00:00:00'),
(481, 37, 2, '2017-07-03', 0, '0000-00-00 00:00:00', '0000-00-00 00:00:00'),
(482, 1, 2, '2017-07-03', 0, '0000-00-00 00:00:00', '0000-00-00 00:00:00'),
(483, 2, 2, '2017-07-03', 0, '0000-00-00 00:00:00', '0000-00-00 00:00:00'),
(484, 3, 2, '2017-07-03', 0, '0000-00-00 00:00:00', '0000-00-00 00:00:00'),
(485, 4, 2, '2017-07-03', 0, '0000-00-00 00:00:00', '0000-00-00 00:00:00'),
(486, 5, 2, '2017-07-03', 0, '0000-00-00 00:00:00', '0000-00-00 00:00:00'),
(487, 6, 2, '2017-07-03', 0, '0000-00-00 00:00:00', '0000-00-00 00:00:00'),
(488, 7, 2, '2017-07-03', 5, '0000-00-00 00:00:00', '0000-00-00 00:00:00'),
(489, 8, 2, '2017-07-03', 0, '0000-00-00 00:00:00', '0000-00-00 00:00:00'),
(490, 9, 2, '2017-07-03', 0, '0000-00-00 00:00:00', '0000-00-00 00:00:00'),
(491, 10, 2, '2017-07-03', 3, '0000-00-00 00:00:00', '0000-00-00 00:00:00'),
(492, 11, 2, '2017-07-03', 5, '0000-00-00 00:00:00', '0000-00-00 00:00:00'),
(493, 12, 2, '2017-07-03', 0, '0000-00-00 00:00:00', '0000-00-00 00:00:00'),
(494, 13, 2, '2017-07-03', 0, '0000-00-00 00:00:00', '0000-00-00 00:00:00'),
(495, 14, 2, '2017-07-03', 0, '0000-00-00 00:00:00', '0000-00-00 00:00:00'),
(496, 15, 2, '2017-07-03', 5, '0000-00-00 00:00:00', '0000-00-00 00:00:00'),
(497, 16, 2, '2017-07-03', 3, '0000-00-00 00:00:00', '0000-00-00 00:00:00'),
(498, 17, 2, '2017-07-03', 10, '0000-00-00 00:00:00', '0000-00-00 00:00:00'),
(499, 18, 2, '2017-07-03', 0, '0000-00-00 00:00:00', '0000-00-00 00:00:00'),
(500, 19, 2, '2017-07-03', 0, '0000-00-00 00:00:00', '0000-00-00 00:00:00'),
(501, 20, 2, '2017-07-03', 0, '0000-00-00 00:00:00', '0000-00-00 00:00:00'),
(502, 21, 2, '2017-07-03', 0, '0000-00-00 00:00:00', '0000-00-00 00:00:00'),
(503, 22, 2, '2017-07-03', 0, '0000-00-00 00:00:00', '0000-00-00 00:00:00'),
(504, 23, 2, '2017-07-03', 0, '0000-00-00 00:00:00', '0000-00-00 00:00:00'),
(505, 24, 2, '2017-07-03', 0, '0000-00-00 00:00:00', '0000-00-00 00:00:00'),
(506, 25, 2, '2017-07-03', 0, '0000-00-00 00:00:00', '0000-00-00 00:00:00'),
(507, 26, 2, '2017-07-03', 0, '0000-00-00 00:00:00', '0000-00-00 00:00:00'),
(508, 27, 2, '2017-07-03', 0, '0000-00-00 00:00:00', '0000-00-00 00:00:00'),
(509, 28, 2, '2017-07-03', 5, '0000-00-00 00:00:00', '0000-00-00 00:00:00'),
(510, 29, 2, '2017-07-03', 5, '0000-00-00 00:00:00', '0000-00-00 00:00:00'),
(511, 30, 2, '2017-07-03', 5, '0000-00-00 00:00:00', '0000-00-00 00:00:00'),
(512, 31, 2, '2017-07-03', 5, '0000-00-00 00:00:00', '0000-00-00 00:00:00'),
(513, 32, 2, '2017-07-03', 5, '0000-00-00 00:00:00', '0000-00-00 00:00:00'),
(514, 33, 2, '2017-07-03', 0, '0000-00-00 00:00:00', '0000-00-00 00:00:00'),
(515, 34, 2, '2017-07-03', 0, '0000-00-00 00:00:00', '0000-00-00 00:00:00'),
(516, 35, 2, '2017-07-03', 0, '0000-00-00 00:00:00', '0000-00-00 00:00:00'),
(517, 36, 2, '2017-07-03', 0, '0000-00-00 00:00:00', '0000-00-00 00:00:00'),
(518, 37, 2, '2017-07-03', 0, '0000-00-00 00:00:00', '0000-00-00 00:00:00'),
(519, 1, 1, '2017-07-04', 38, '0000-00-00 00:00:00', '0000-00-00 00:00:00'),
(520, 2, 1, '2017-07-04', 30, '0000-00-00 00:00:00', '0000-00-00 00:00:00'),
(521, 3, 1, '2017-07-04', 12, '0000-00-00 00:00:00', '0000-00-00 00:00:00'),
(522, 4, 1, '2017-07-04', 36, '0000-00-00 00:00:00', '0000-00-00 00:00:00'),
(523, 5, 1, '2017-07-04', 0, '0000-00-00 00:00:00', '0000-00-00 00:00:00'),
(524, 6, 1, '2017-07-04', 31, '0000-00-00 00:00:00', '0000-00-00 00:00:00'),
(525, 7, 1, '2017-07-04', 0, '0000-00-00 00:00:00', '0000-00-00 00:00:00'),
(526, 8, 1, '2017-07-04', 30, '0000-00-00 00:00:00', '0000-00-00 00:00:00'),
(527, 9, 1, '2017-07-04', 0, '0000-00-00 00:00:00', '0000-00-00 00:00:00'),
(528, 10, 1, '2017-07-04', 40, '0000-00-00 00:00:00', '0000-00-00 00:00:00'),
(529, 11, 1, '2017-07-04', 28, '0000-00-00 00:00:00', '0000-00-00 00:00:00'),
(530, 12, 1, '2017-07-04', 0, '0000-00-00 00:00:00', '0000-00-00 00:00:00'),
(531, 13, 1, '2017-07-04', 35, '0000-00-00 00:00:00', '0000-00-00 00:00:00'),
(532, 14, 1, '2017-07-04', 82, '0000-00-00 00:00:00', '0000-00-00 00:00:00'),
(533, 15, 1, '2017-07-04', 121, '0000-00-00 00:00:00', '0000-00-00 00:00:00'),
(534, 16, 1, '2017-07-04', 31, '0000-00-00 00:00:00', '0000-00-00 00:00:00'),
(535, 17, 1, '2017-07-04', 42, '0000-00-00 00:00:00', '0000-00-00 00:00:00'),
(536, 18, 1, '2017-07-04', 65, '0000-00-00 00:00:00', '0000-00-00 00:00:00'),
(537, 19, 1, '2017-07-04', 40, '0000-00-00 00:00:00', '0000-00-00 00:00:00'),
(538, 20, 1, '2017-07-04', 23, '0000-00-00 00:00:00', '0000-00-00 00:00:00'),
(539, 21, 1, '2017-07-04', 25, '0000-00-00 00:00:00', '0000-00-00 00:00:00'),
(540, 22, 1, '2017-07-04', 0, '0000-00-00 00:00:00', '0000-00-00 00:00:00'),
(541, 23, 1, '2017-07-04', 30, '0000-00-00 00:00:00', '0000-00-00 00:00:00'),
(542, 24, 1, '2017-07-04', 0, '0000-00-00 00:00:00', '0000-00-00 00:00:00'),
(543, 25, 1, '2017-07-04', 0, '0000-00-00 00:00:00', '0000-00-00 00:00:00'),
(544, 26, 1, '2017-07-04', 14, '0000-00-00 00:00:00', '0000-00-00 00:00:00'),
(545, 27, 1, '2017-07-04', 16, '0000-00-00 00:00:00', '0000-00-00 00:00:00'),
(546, 28, 1, '2017-07-04', 30, '0000-00-00 00:00:00', '0000-00-00 00:00:00'),
(547, 29, 1, '2017-07-04', 19, '0000-00-00 00:00:00', '0000-00-00 00:00:00'),
(548, 30, 1, '2017-07-04', 33, '0000-00-00 00:00:00', '0000-00-00 00:00:00'),
(549, 31, 1, '2017-07-04', 22, '0000-00-00 00:00:00', '0000-00-00 00:00:00'),
(550, 32, 1, '2017-07-04', 42, '0000-00-00 00:00:00', '0000-00-00 00:00:00'),
(551, 33, 1, '2017-07-04', 0, '0000-00-00 00:00:00', '0000-00-00 00:00:00'),
(552, 34, 1, '2017-07-04', 0, '0000-00-00 00:00:00', '0000-00-00 00:00:00'),
(553, 35, 1, '2017-07-04', 6, '0000-00-00 00:00:00', '0000-00-00 00:00:00'),
(554, 36, 1, '2017-07-04', 12, '0000-00-00 00:00:00', '0000-00-00 00:00:00'),
(555, 37, 1, '2017-07-04', 0, '0000-00-00 00:00:00', '0000-00-00 00:00:00'),
(556, 1, 9, '2017-07-04', 6, '0000-00-00 00:00:00', '0000-00-00 00:00:00'),
(557, 2, 9, '2017-07-04', 6, '0000-00-00 00:00:00', '0000-00-00 00:00:00'),
(558, 3, 9, '2017-07-04', 0, '0000-00-00 00:00:00', '0000-00-00 00:00:00'),
(559, 4, 9, '2017-07-04', 6, '0000-00-00 00:00:00', '0000-00-00 00:00:00'),
(560, 5, 9, '2017-07-04', 0, '0000-00-00 00:00:00', '0000-00-00 00:00:00'),
(561, 6, 9, '2017-07-04', 0, '0000-00-00 00:00:00', '0000-00-00 00:00:00'),
(562, 7, 9, '2017-07-04', 0, '0000-00-00 00:00:00', '0000-00-00 00:00:00'),
(563, 8, 9, '2017-07-04', 6, '0000-00-00 00:00:00', '0000-00-00 00:00:00'),
(564, 9, 9, '2017-07-04', 0, '0000-00-00 00:00:00', '0000-00-00 00:00:00'),
(565, 10, 9, '2017-07-04', 2, '0000-00-00 00:00:00', '0000-00-00 00:00:00'),
(566, 11, 9, '2017-07-04', 6, '0000-00-00 00:00:00', '0000-00-00 00:00:00'),
(567, 12, 9, '2017-07-04', 0, '0000-00-00 00:00:00', '0000-00-00 00:00:00'),
(568, 13, 9, '2017-07-04', 6, '0000-00-00 00:00:00', '0000-00-00 00:00:00'),
(569, 14, 9, '2017-07-04', 6, '0000-00-00 00:00:00', '0000-00-00 00:00:00'),
(570, 15, 9, '2017-07-04', 6, '0000-00-00 00:00:00', '0000-00-00 00:00:00'),
(571, 16, 9, '2017-07-04', 4, '0000-00-00 00:00:00', '0000-00-00 00:00:00'),
(572, 17, 9, '2017-07-04', 6, '0000-00-00 00:00:00', '0000-00-00 00:00:00'),
(573, 18, 9, '2017-07-04', 0, '0000-00-00 00:00:00', '0000-00-00 00:00:00'),
(574, 19, 9, '2017-07-04', 6, '0000-00-00 00:00:00', '0000-00-00 00:00:00'),
(575, 20, 9, '2017-07-04', 0, '0000-00-00 00:00:00', '0000-00-00 00:00:00'),
(576, 21, 9, '2017-07-04', 0, '0000-00-00 00:00:00', '0000-00-00 00:00:00'),
(577, 22, 9, '2017-07-04', 0, '0000-00-00 00:00:00', '0000-00-00 00:00:00'),
(578, 23, 9, '2017-07-04', 6, '0000-00-00 00:00:00', '0000-00-00 00:00:00'),
(579, 24, 9, '2017-07-04', 0, '0000-00-00 00:00:00', '0000-00-00 00:00:00'),
(580, 25, 9, '2017-07-04', 0, '0000-00-00 00:00:00', '0000-00-00 00:00:00'),
(581, 26, 9, '2017-07-04', 0, '0000-00-00 00:00:00', '0000-00-00 00:00:00'),
(582, 27, 9, '2017-07-04', 1, '0000-00-00 00:00:00', '0000-00-00 00:00:00'),
(583, 28, 9, '2017-07-04', 6, '0000-00-00 00:00:00', '0000-00-00 00:00:00'),
(584, 29, 9, '2017-07-04', 6, '0000-00-00 00:00:00', '0000-00-00 00:00:00'),
(585, 30, 9, '2017-07-04', 6, '0000-00-00 00:00:00', '0000-00-00 00:00:00'),
(586, 31, 9, '2017-07-04', 6, '0000-00-00 00:00:00', '0000-00-00 00:00:00'),
(587, 32, 9, '2017-07-04', 6, '0000-00-00 00:00:00', '0000-00-00 00:00:00'),
(588, 33, 9, '2017-07-04', 0, '0000-00-00 00:00:00', '0000-00-00 00:00:00'),
(589, 34, 9, '2017-07-04', 12, '0000-00-00 00:00:00', '0000-00-00 00:00:00'),
(590, 35, 9, '2017-07-04', 0, '0000-00-00 00:00:00', '0000-00-00 00:00:00'),
(591, 36, 9, '2017-07-04', 0, '0000-00-00 00:00:00', '0000-00-00 00:00:00'),
(592, 37, 9, '2017-07-04', 0, '0000-00-00 00:00:00', '0000-00-00 00:00:00'),
(593, 1, 2, '2017-07-04', 0, '0000-00-00 00:00:00', '0000-00-00 00:00:00'),
(594, 2, 2, '2017-07-04', 0, '0000-00-00 00:00:00', '0000-00-00 00:00:00'),
(595, 3, 2, '2017-07-04', 0, '0000-00-00 00:00:00', '0000-00-00 00:00:00'),
(596, 4, 2, '2017-07-04', 4, '0000-00-00 00:00:00', '0000-00-00 00:00:00'),
(597, 5, 2, '2017-07-04', 0, '0000-00-00 00:00:00', '0000-00-00 00:00:00'),
(598, 6, 2, '2017-07-04', 0, '0000-00-00 00:00:00', '0000-00-00 00:00:00'),
(599, 7, 2, '2017-07-04', 3, '0000-00-00 00:00:00', '0000-00-00 00:00:00'),
(600, 8, 2, '2017-07-04', 2, '0000-00-00 00:00:00', '0000-00-00 00:00:00'),
(601, 9, 2, '2017-07-04', 3, '0000-00-00 00:00:00', '0000-00-00 00:00:00'),
(602, 10, 2, '2017-07-04', 4, '0000-00-00 00:00:00', '0000-00-00 00:00:00'),
(603, 11, 2, '2017-07-04', 2, '0000-00-00 00:00:00', '0000-00-00 00:00:00'),
(604, 12, 2, '2017-07-04', 0, '0000-00-00 00:00:00', '0000-00-00 00:00:00'),
(605, 13, 2, '2017-07-04', 0, '0000-00-00 00:00:00', '0000-00-00 00:00:00'),
(606, 14, 2, '2017-07-04', 5, '0000-00-00 00:00:00', '0000-00-00 00:00:00'),
(607, 15, 2, '2017-07-04', 0, '0000-00-00 00:00:00', '0000-00-00 00:00:00'),
(608, 16, 2, '2017-07-04', 2, '0000-00-00 00:00:00', '0000-00-00 00:00:00'),
(609, 17, 2, '2017-07-04', 3, '0000-00-00 00:00:00', '0000-00-00 00:00:00'),
(610, 18, 2, '2017-07-04', 2, '0000-00-00 00:00:00', '0000-00-00 00:00:00'),
(611, 19, 2, '2017-07-04', 5, '0000-00-00 00:00:00', '0000-00-00 00:00:00'),
(612, 20, 2, '2017-07-04', 0, '0000-00-00 00:00:00', '0000-00-00 00:00:00'),
(613, 21, 2, '2017-07-04', 0, '0000-00-00 00:00:00', '0000-00-00 00:00:00'),
(614, 22, 2, '2017-07-04', 10, '0000-00-00 00:00:00', '0000-00-00 00:00:00'),
(615, 23, 2, '2017-07-04', 0, '0000-00-00 00:00:00', '0000-00-00 00:00:00'),
(616, 24, 2, '2017-07-04', 0, '0000-00-00 00:00:00', '0000-00-00 00:00:00'),
(617, 25, 2, '2017-07-04', 0, '0000-00-00 00:00:00', '0000-00-00 00:00:00'),
(618, 26, 2, '2017-07-04', 0, '0000-00-00 00:00:00', '0000-00-00 00:00:00'),
(619, 27, 2, '2017-07-04', 1, '0000-00-00 00:00:00', '0000-00-00 00:00:00'),
(620, 28, 2, '2017-07-04', 3, '0000-00-00 00:00:00', '0000-00-00 00:00:00'),
(621, 29, 2, '2017-07-04', 3, '0000-00-00 00:00:00', '0000-00-00 00:00:00'),
(622, 30, 2, '2017-07-04', 3, '0000-00-00 00:00:00', '0000-00-00 00:00:00'),
(623, 31, 2, '2017-07-04', 3, '0000-00-00 00:00:00', '0000-00-00 00:00:00'),
(624, 32, 2, '2017-07-04', 2, '0000-00-00 00:00:00', '0000-00-00 00:00:00'),
(625, 33, 2, '2017-07-04', 0, '0000-00-00 00:00:00', '0000-00-00 00:00:00'),
(626, 34, 2, '2017-07-04', 0, '0000-00-00 00:00:00', '0000-00-00 00:00:00'),
(627, 35, 2, '2017-07-04', 0, '0000-00-00 00:00:00', '0000-00-00 00:00:00'),
(628, 36, 2, '2017-07-04', 0, '0000-00-00 00:00:00', '0000-00-00 00:00:00'),
(629, 37, 2, '2017-07-04', 0, '0000-00-00 00:00:00', '0000-00-00 00:00:00'),
(630, 1, 1, '2017-07-05', 15, '0000-00-00 00:00:00', '0000-00-00 00:00:00'),
(631, 2, 1, '2017-07-05', 24, '0000-00-00 00:00:00', '0000-00-00 00:00:00'),
(632, 3, 1, '2017-07-05', 11, '0000-00-00 00:00:00', '0000-00-00 00:00:00'),
(633, 4, 1, '2017-07-05', 39, '0000-00-00 00:00:00', '0000-00-00 00:00:00'),
(634, 5, 1, '2017-07-05', 0, '0000-00-00 00:00:00', '0000-00-00 00:00:00'),
(635, 6, 1, '2017-07-05', 23, '0000-00-00 00:00:00', '0000-00-00 00:00:00'),
(636, 7, 1, '2017-07-05', 0, '0000-00-00 00:00:00', '0000-00-00 00:00:00'),
(637, 8, 1, '2017-07-05', 25, '0000-00-00 00:00:00', '0000-00-00 00:00:00'),
(638, 9, 1, '2017-07-05', 0, '0000-00-00 00:00:00', '0000-00-00 00:00:00'),
(639, 10, 1, '2017-07-05', 36, '0000-00-00 00:00:00', '0000-00-00 00:00:00'),
(640, 11, 1, '2017-07-05', 14, '0000-00-00 00:00:00', '0000-00-00 00:00:00'),
(641, 12, 1, '2017-07-05', 9, '0000-00-00 00:00:00', '0000-00-00 00:00:00'),
(642, 13, 1, '2017-07-05', 27, '0000-00-00 00:00:00', '0000-00-00 00:00:00'),
(643, 14, 1, '2017-07-05', 59, '0000-00-00 00:00:00', '0000-00-00 00:00:00'),
(644, 15, 1, '2017-07-05', 99, '0000-00-00 00:00:00', '0000-00-00 00:00:00'),
(645, 16, 1, '2017-07-05', 30, '0000-00-00 00:00:00', '0000-00-00 00:00:00'),
(646, 17, 1, '2017-07-05', 42, '0000-00-00 00:00:00', '0000-00-00 00:00:00'),
(647, 18, 1, '2017-07-05', 60, '0000-00-00 00:00:00', '0000-00-00 00:00:00'),
(648, 19, 1, '2017-07-05', 35, '0000-00-00 00:00:00', '0000-00-00 00:00:00'),
(649, 20, 1, '2017-07-05', 18, '0000-00-00 00:00:00', '0000-00-00 00:00:00'),
(650, 21, 1, '2017-07-05', 15, '0000-00-00 00:00:00', '0000-00-00 00:00:00'),
(651, 22, 1, '2017-07-05', 0, '0000-00-00 00:00:00', '0000-00-00 00:00:00'),
(652, 23, 1, '2017-07-05', 20, '0000-00-00 00:00:00', '0000-00-00 00:00:00'),
(653, 24, 1, '2017-07-05', 0, '0000-00-00 00:00:00', '0000-00-00 00:00:00'),
(654, 25, 1, '2017-07-05', 0, '0000-00-00 00:00:00', '0000-00-00 00:00:00'),
(655, 26, 1, '2017-07-05', 0, '0000-00-00 00:00:00', '0000-00-00 00:00:00'),
(656, 27, 1, '2017-07-05', 0, '0000-00-00 00:00:00', '0000-00-00 00:00:00'),
(657, 28, 1, '2017-07-05', 32, '0000-00-00 00:00:00', '0000-00-00 00:00:00'),
(658, 29, 1, '2017-07-05', 22, '0000-00-00 00:00:00', '0000-00-00 00:00:00'),
(659, 30, 1, '2017-07-05', 27, '0000-00-00 00:00:00', '0000-00-00 00:00:00'),
(660, 31, 1, '2017-07-05', 20, '0000-00-00 00:00:00', '0000-00-00 00:00:00'),
(661, 32, 1, '2017-07-05', 37, '0000-00-00 00:00:00', '0000-00-00 00:00:00'),
(662, 33, 1, '2017-07-05', 16, '0000-00-00 00:00:00', '0000-00-00 00:00:00'),
(663, 34, 1, '2017-07-05', 0, '0000-00-00 00:00:00', '0000-00-00 00:00:00'),
(664, 35, 1, '2017-07-05', 0, '0000-00-00 00:00:00', '0000-00-00 00:00:00'),
(665, 36, 1, '2017-07-05', 0, '0000-00-00 00:00:00', '0000-00-00 00:00:00');
INSERT INTO `demands` (`id`, `commodity_id`, `outlet_id`, `date`, `quantity`, `created_at`, `updated_at`) VALUES
(666, 37, 1, '2017-07-05', 0, '0000-00-00 00:00:00', '0000-00-00 00:00:00'),
(667, 1, 3, '2017-07-05', 0, '0000-00-00 00:00:00', '0000-00-00 00:00:00'),
(668, 2, 3, '2017-07-05', 0, '0000-00-00 00:00:00', '0000-00-00 00:00:00'),
(669, 3, 3, '2017-07-05', 0, '0000-00-00 00:00:00', '0000-00-00 00:00:00'),
(670, 4, 3, '2017-07-05', 10, '0000-00-00 00:00:00', '0000-00-00 00:00:00'),
(671, 5, 3, '2017-07-05', 0, '0000-00-00 00:00:00', '0000-00-00 00:00:00'),
(672, 6, 3, '2017-07-05', 0, '0000-00-00 00:00:00', '0000-00-00 00:00:00'),
(673, 7, 3, '2017-07-05', 18, '0000-00-00 00:00:00', '0000-00-00 00:00:00'),
(674, 8, 3, '2017-07-05', 0, '0000-00-00 00:00:00', '0000-00-00 00:00:00'),
(675, 9, 3, '2017-07-05', 0, '0000-00-00 00:00:00', '0000-00-00 00:00:00'),
(676, 10, 3, '2017-07-05', 10, '0000-00-00 00:00:00', '0000-00-00 00:00:00'),
(677, 11, 3, '2017-07-05', 5, '0000-00-00 00:00:00', '0000-00-00 00:00:00'),
(678, 12, 3, '2017-07-05', 0, '0000-00-00 00:00:00', '0000-00-00 00:00:00'),
(679, 13, 3, '2017-07-05', 0, '0000-00-00 00:00:00', '0000-00-00 00:00:00'),
(680, 14, 3, '2017-07-05', 5, '0000-00-00 00:00:00', '0000-00-00 00:00:00'),
(681, 15, 3, '2017-07-05', 0, '0000-00-00 00:00:00', '0000-00-00 00:00:00'),
(682, 16, 3, '2017-07-05', 0, '0000-00-00 00:00:00', '0000-00-00 00:00:00'),
(683, 17, 3, '2017-07-05', 4, '0000-00-00 00:00:00', '0000-00-00 00:00:00'),
(684, 18, 3, '2017-07-05', 0, '0000-00-00 00:00:00', '0000-00-00 00:00:00'),
(685, 19, 3, '2017-07-05', 0, '0000-00-00 00:00:00', '0000-00-00 00:00:00'),
(686, 20, 3, '2017-07-05', 0, '0000-00-00 00:00:00', '0000-00-00 00:00:00'),
(687, 21, 3, '2017-07-05', 0, '0000-00-00 00:00:00', '0000-00-00 00:00:00'),
(688, 22, 3, '2017-07-05', 0, '0000-00-00 00:00:00', '0000-00-00 00:00:00'),
(689, 23, 3, '2017-07-05', 0, '0000-00-00 00:00:00', '0000-00-00 00:00:00'),
(690, 24, 3, '2017-07-05', 0, '0000-00-00 00:00:00', '0000-00-00 00:00:00'),
(691, 25, 3, '2017-07-05', 0, '0000-00-00 00:00:00', '0000-00-00 00:00:00'),
(692, 26, 3, '2017-07-05', 0, '0000-00-00 00:00:00', '0000-00-00 00:00:00'),
(693, 27, 3, '2017-07-05', 0, '0000-00-00 00:00:00', '0000-00-00 00:00:00'),
(694, 28, 3, '2017-07-05', 15, '0000-00-00 00:00:00', '0000-00-00 00:00:00'),
(695, 29, 3, '2017-07-05', 10, '0000-00-00 00:00:00', '0000-00-00 00:00:00'),
(696, 30, 3, '2017-07-05', 5, '0000-00-00 00:00:00', '0000-00-00 00:00:00'),
(697, 31, 3, '2017-07-05', 20, '0000-00-00 00:00:00', '0000-00-00 00:00:00'),
(698, 32, 3, '2017-07-05', 10, '0000-00-00 00:00:00', '0000-00-00 00:00:00'),
(699, 33, 3, '2017-07-05', 0, '0000-00-00 00:00:00', '0000-00-00 00:00:00'),
(700, 34, 3, '2017-07-05', 0, '0000-00-00 00:00:00', '0000-00-00 00:00:00'),
(701, 35, 3, '2017-07-05', 10, '0000-00-00 00:00:00', '0000-00-00 00:00:00'),
(702, 36, 3, '2017-07-05', 0, '0000-00-00 00:00:00', '0000-00-00 00:00:00'),
(703, 37, 3, '2017-07-05', 0, '0000-00-00 00:00:00', '0000-00-00 00:00:00'),
(704, 1, 8, '2017-07-05', 0, '0000-00-00 00:00:00', '0000-00-00 00:00:00'),
(705, 2, 8, '2017-07-05', 0, '0000-00-00 00:00:00', '0000-00-00 00:00:00'),
(706, 3, 8, '2017-07-05', 0, '0000-00-00 00:00:00', '0000-00-00 00:00:00'),
(707, 4, 8, '2017-07-05', 12, '0000-00-00 00:00:00', '0000-00-00 00:00:00'),
(708, 5, 8, '2017-07-05', 0, '0000-00-00 00:00:00', '0000-00-00 00:00:00'),
(709, 6, 8, '2017-07-05', 0, '0000-00-00 00:00:00', '0000-00-00 00:00:00'),
(710, 7, 8, '2017-07-05', 0, '0000-00-00 00:00:00', '0000-00-00 00:00:00'),
(711, 8, 8, '2017-07-05', 0, '0000-00-00 00:00:00', '0000-00-00 00:00:00'),
(712, 9, 8, '2017-07-05', 0, '0000-00-00 00:00:00', '0000-00-00 00:00:00'),
(713, 10, 8, '2017-07-05', 3, '0000-00-00 00:00:00', '0000-00-00 00:00:00'),
(714, 11, 8, '2017-07-05', 0, '0000-00-00 00:00:00', '0000-00-00 00:00:00'),
(715, 12, 8, '2017-07-05', 0, '0000-00-00 00:00:00', '0000-00-00 00:00:00'),
(716, 13, 8, '2017-07-05', 6, '0000-00-00 00:00:00', '0000-00-00 00:00:00'),
(717, 14, 8, '2017-07-05', 0, '0000-00-00 00:00:00', '0000-00-00 00:00:00'),
(718, 15, 8, '2017-07-05', 6, '0000-00-00 00:00:00', '0000-00-00 00:00:00'),
(719, 16, 8, '2017-07-05', 0, '0000-00-00 00:00:00', '0000-00-00 00:00:00'),
(720, 17, 8, '2017-07-05', 6, '0000-00-00 00:00:00', '0000-00-00 00:00:00'),
(721, 18, 8, '2017-07-05', 0, '0000-00-00 00:00:00', '0000-00-00 00:00:00'),
(722, 19, 8, '2017-07-05', 0, '0000-00-00 00:00:00', '0000-00-00 00:00:00'),
(723, 20, 8, '2017-07-05', 0, '0000-00-00 00:00:00', '0000-00-00 00:00:00'),
(724, 21, 8, '2017-07-05', 0, '0000-00-00 00:00:00', '0000-00-00 00:00:00'),
(725, 22, 8, '2017-07-05', 0, '0000-00-00 00:00:00', '0000-00-00 00:00:00'),
(726, 23, 8, '2017-07-05', 0, '0000-00-00 00:00:00', '0000-00-00 00:00:00'),
(727, 24, 8, '2017-07-05', 0, '0000-00-00 00:00:00', '0000-00-00 00:00:00'),
(728, 25, 8, '2017-07-05', 0, '0000-00-00 00:00:00', '0000-00-00 00:00:00'),
(729, 26, 8, '2017-07-05', 0, '0000-00-00 00:00:00', '0000-00-00 00:00:00'),
(730, 27, 8, '2017-07-05', 3, '0000-00-00 00:00:00', '0000-00-00 00:00:00'),
(731, 28, 8, '2017-07-05', 6, '0000-00-00 00:00:00', '0000-00-00 00:00:00'),
(732, 29, 8, '2017-07-05', 6, '0000-00-00 00:00:00', '0000-00-00 00:00:00'),
(733, 30, 8, '2017-07-05', 0, '0000-00-00 00:00:00', '0000-00-00 00:00:00'),
(734, 31, 8, '2017-07-05', 0, '0000-00-00 00:00:00', '0000-00-00 00:00:00'),
(735, 32, 8, '2017-07-05', 6, '0000-00-00 00:00:00', '0000-00-00 00:00:00'),
(736, 33, 8, '2017-07-05', 0, '0000-00-00 00:00:00', '0000-00-00 00:00:00'),
(737, 34, 8, '2017-07-05', 0, '0000-00-00 00:00:00', '0000-00-00 00:00:00'),
(738, 35, 8, '2017-07-05', 0, '0000-00-00 00:00:00', '0000-00-00 00:00:00'),
(739, 36, 8, '2017-07-05', 0, '0000-00-00 00:00:00', '0000-00-00 00:00:00'),
(740, 37, 8, '2017-07-05', 0, '0000-00-00 00:00:00', '0000-00-00 00:00:00'),
(741, 1, 5, '2017-07-05', 5, '0000-00-00 00:00:00', '0000-00-00 00:00:00'),
(742, 2, 5, '2017-07-05', 0, '0000-00-00 00:00:00', '0000-00-00 00:00:00'),
(743, 3, 5, '2017-07-05', 0, '0000-00-00 00:00:00', '0000-00-00 00:00:00'),
(744, 4, 5, '2017-07-05', 5, '0000-00-00 00:00:00', '0000-00-00 00:00:00'),
(745, 5, 5, '2017-07-05', 0, '0000-00-00 00:00:00', '0000-00-00 00:00:00'),
(746, 6, 5, '2017-07-05', 0, '0000-00-00 00:00:00', '0000-00-00 00:00:00'),
(747, 7, 5, '2017-07-05', 0, '0000-00-00 00:00:00', '0000-00-00 00:00:00'),
(748, 8, 5, '2017-07-05', 0, '0000-00-00 00:00:00', '0000-00-00 00:00:00'),
(749, 9, 5, '2017-07-05', 0, '0000-00-00 00:00:00', '0000-00-00 00:00:00'),
(750, 10, 5, '2017-07-05', 5, '0000-00-00 00:00:00', '0000-00-00 00:00:00'),
(751, 11, 5, '2017-07-05', 5, '0000-00-00 00:00:00', '0000-00-00 00:00:00'),
(752, 12, 5, '2017-07-05', 0, '0000-00-00 00:00:00', '0000-00-00 00:00:00'),
(753, 13, 5, '2017-07-05', 3, '0000-00-00 00:00:00', '0000-00-00 00:00:00'),
(754, 14, 5, '2017-07-05', 5, '0000-00-00 00:00:00', '0000-00-00 00:00:00'),
(755, 15, 5, '2017-07-05', 5, '0000-00-00 00:00:00', '0000-00-00 00:00:00'),
(756, 16, 5, '2017-07-05', 2, '0000-00-00 00:00:00', '0000-00-00 00:00:00'),
(757, 17, 5, '2017-07-05', 0, '0000-00-00 00:00:00', '0000-00-00 00:00:00'),
(758, 18, 5, '2017-07-05', 0, '0000-00-00 00:00:00', '0000-00-00 00:00:00'),
(759, 19, 5, '2017-07-05', 5, '0000-00-00 00:00:00', '0000-00-00 00:00:00'),
(760, 20, 5, '2017-07-05', 0, '0000-00-00 00:00:00', '0000-00-00 00:00:00'),
(761, 21, 5, '2017-07-05', 0, '0000-00-00 00:00:00', '0000-00-00 00:00:00'),
(762, 22, 5, '2017-07-05', 2, '0000-00-00 00:00:00', '0000-00-00 00:00:00'),
(763, 23, 5, '2017-07-05', 0, '0000-00-00 00:00:00', '0000-00-00 00:00:00'),
(764, 24, 5, '2017-07-05', 0, '0000-00-00 00:00:00', '0000-00-00 00:00:00'),
(765, 25, 5, '2017-07-05', 0, '0000-00-00 00:00:00', '0000-00-00 00:00:00'),
(766, 26, 5, '2017-07-05', 0, '0000-00-00 00:00:00', '0000-00-00 00:00:00'),
(767, 27, 5, '2017-07-05', 0, '0000-00-00 00:00:00', '0000-00-00 00:00:00'),
(768, 28, 5, '2017-07-05', 5, '0000-00-00 00:00:00', '0000-00-00 00:00:00'),
(769, 29, 5, '2017-07-05', 5, '0000-00-00 00:00:00', '0000-00-00 00:00:00'),
(770, 30, 5, '2017-07-05', 5, '0000-00-00 00:00:00', '0000-00-00 00:00:00'),
(771, 31, 5, '2017-07-05', 5, '0000-00-00 00:00:00', '0000-00-00 00:00:00'),
(772, 32, 5, '2017-07-05', 5, '0000-00-00 00:00:00', '0000-00-00 00:00:00'),
(773, 33, 5, '2017-07-05', 0, '0000-00-00 00:00:00', '0000-00-00 00:00:00'),
(774, 34, 5, '2017-07-05', 0, '0000-00-00 00:00:00', '0000-00-00 00:00:00'),
(775, 35, 5, '2017-07-05', 0, '0000-00-00 00:00:00', '0000-00-00 00:00:00'),
(776, 36, 5, '2017-07-05', 0, '0000-00-00 00:00:00', '0000-00-00 00:00:00'),
(777, 37, 5, '2017-07-05', 0, '0000-00-00 00:00:00', '0000-00-00 00:00:00'),
(778, 1, 1, '2017-07-06', 32, '0000-00-00 00:00:00', '0000-00-00 00:00:00'),
(779, 2, 1, '2017-07-06', 15, '0000-00-00 00:00:00', '0000-00-00 00:00:00'),
(780, 3, 1, '2017-07-06', 10, '0000-00-00 00:00:00', '0000-00-00 00:00:00'),
(781, 4, 1, '2017-07-06', 34, '0000-00-00 00:00:00', '0000-00-00 00:00:00'),
(782, 5, 1, '2017-07-06', 0, '0000-00-00 00:00:00', '0000-00-00 00:00:00'),
(783, 6, 1, '2017-07-06', 15, '0000-00-00 00:00:00', '0000-00-00 00:00:00'),
(784, 7, 1, '2017-07-06', 0, '0000-00-00 00:00:00', '0000-00-00 00:00:00'),
(785, 8, 1, '2017-07-06', 15, '0000-00-00 00:00:00', '0000-00-00 00:00:00'),
(786, 9, 1, '2017-07-06', 0, '0000-00-00 00:00:00', '0000-00-00 00:00:00'),
(787, 10, 1, '2017-07-06', 40, '0000-00-00 00:00:00', '0000-00-00 00:00:00'),
(788, 11, 1, '2017-07-06', 16, '0000-00-00 00:00:00', '0000-00-00 00:00:00'),
(789, 12, 1, '2017-07-06', 0, '0000-00-00 00:00:00', '0000-00-00 00:00:00'),
(790, 13, 1, '2017-07-06', 0, '0000-00-00 00:00:00', '0000-00-00 00:00:00'),
(791, 14, 1, '2017-07-06', 67, '0000-00-00 00:00:00', '0000-00-00 00:00:00'),
(792, 15, 1, '2017-07-06', 73, '0000-00-00 00:00:00', '0000-00-00 00:00:00'),
(793, 16, 1, '2017-07-06', 22, '0000-00-00 00:00:00', '0000-00-00 00:00:00'),
(794, 17, 1, '2017-07-06', 22, '0000-00-00 00:00:00', '0000-00-00 00:00:00'),
(795, 18, 1, '2017-07-06', 55, '0000-00-00 00:00:00', '0000-00-00 00:00:00'),
(796, 19, 1, '2017-07-06', 40, '0000-00-00 00:00:00', '0000-00-00 00:00:00'),
(797, 20, 1, '2017-07-06', 16, '0000-00-00 00:00:00', '0000-00-00 00:00:00'),
(798, 21, 1, '2017-07-06', 20, '0000-00-00 00:00:00', '0000-00-00 00:00:00'),
(799, 22, 1, '2017-07-06', 0, '0000-00-00 00:00:00', '0000-00-00 00:00:00'),
(800, 23, 1, '2017-07-06', 16, '0000-00-00 00:00:00', '0000-00-00 00:00:00'),
(801, 24, 1, '2017-07-06', 0, '0000-00-00 00:00:00', '0000-00-00 00:00:00'),
(802, 25, 1, '2017-07-06', 0, '0000-00-00 00:00:00', '0000-00-00 00:00:00'),
(803, 26, 1, '2017-07-06', 10, '0000-00-00 00:00:00', '0000-00-00 00:00:00'),
(804, 27, 1, '2017-07-06', 12, '0000-00-00 00:00:00', '0000-00-00 00:00:00'),
(805, 28, 1, '2017-07-06', 33, '0000-00-00 00:00:00', '0000-00-00 00:00:00'),
(806, 29, 1, '2017-07-06', 20, '0000-00-00 00:00:00', '0000-00-00 00:00:00'),
(807, 30, 1, '2017-07-06', 16, '0000-00-00 00:00:00', '0000-00-00 00:00:00'),
(808, 31, 1, '2017-07-06', 22, '0000-00-00 00:00:00', '0000-00-00 00:00:00'),
(809, 32, 1, '2017-07-06', 30, '0000-00-00 00:00:00', '0000-00-00 00:00:00'),
(810, 33, 1, '2017-07-06', 8, '0000-00-00 00:00:00', '0000-00-00 00:00:00'),
(811, 34, 1, '2017-07-06', 0, '0000-00-00 00:00:00', '0000-00-00 00:00:00'),
(812, 35, 1, '2017-07-06', 5, '0000-00-00 00:00:00', '0000-00-00 00:00:00'),
(813, 36, 1, '2017-07-06', 8, '0000-00-00 00:00:00', '0000-00-00 00:00:00'),
(814, 37, 1, '2017-07-06', 0, '0000-00-00 00:00:00', '0000-00-00 00:00:00'),
(815, 1, 1, '2017-07-06', 2, '0000-00-00 00:00:00', '0000-00-00 00:00:00'),
(816, 2, 1, '2017-07-06', 0, '0000-00-00 00:00:00', '0000-00-00 00:00:00'),
(817, 3, 1, '2017-07-06', 0, '0000-00-00 00:00:00', '0000-00-00 00:00:00'),
(818, 4, 1, '2017-07-06', 2, '0000-00-00 00:00:00', '0000-00-00 00:00:00'),
(819, 5, 1, '2017-07-06', 0, '0000-00-00 00:00:00', '0000-00-00 00:00:00'),
(820, 6, 1, '2017-07-06', 0, '0000-00-00 00:00:00', '0000-00-00 00:00:00'),
(821, 7, 1, '2017-07-06', 3, '0000-00-00 00:00:00', '0000-00-00 00:00:00'),
(822, 8, 1, '2017-07-06', 2, '0000-00-00 00:00:00', '0000-00-00 00:00:00'),
(823, 9, 1, '2017-07-06', 1, '0000-00-00 00:00:00', '0000-00-00 00:00:00'),
(824, 10, 1, '2017-07-06', 3, '0000-00-00 00:00:00', '0000-00-00 00:00:00'),
(825, 11, 1, '2017-07-06', 3, '0000-00-00 00:00:00', '0000-00-00 00:00:00'),
(826, 12, 1, '2017-07-06', 0, '0000-00-00 00:00:00', '0000-00-00 00:00:00'),
(827, 13, 1, '2017-07-06', 3, '0000-00-00 00:00:00', '0000-00-00 00:00:00'),
(828, 14, 1, '2017-07-06', 5, '0000-00-00 00:00:00', '0000-00-00 00:00:00'),
(829, 15, 1, '2017-07-06', 4, '0000-00-00 00:00:00', '0000-00-00 00:00:00'),
(830, 16, 1, '2017-07-06', 2, '0000-00-00 00:00:00', '0000-00-00 00:00:00'),
(831, 17, 1, '2017-07-06', 4, '0000-00-00 00:00:00', '0000-00-00 00:00:00'),
(832, 18, 1, '2017-07-06', 2, '0000-00-00 00:00:00', '0000-00-00 00:00:00'),
(833, 19, 1, '2017-07-06', 2, '0000-00-00 00:00:00', '0000-00-00 00:00:00'),
(834, 20, 1, '2017-07-06', 0, '0000-00-00 00:00:00', '0000-00-00 00:00:00'),
(835, 21, 1, '2017-07-06', 0, '0000-00-00 00:00:00', '0000-00-00 00:00:00'),
(836, 22, 1, '2017-07-06', 5, '0000-00-00 00:00:00', '0000-00-00 00:00:00'),
(837, 23, 1, '2017-07-06', 2, '0000-00-00 00:00:00', '0000-00-00 00:00:00'),
(838, 24, 1, '2017-07-06', 0, '0000-00-00 00:00:00', '0000-00-00 00:00:00'),
(839, 25, 1, '2017-07-06', 0, '0000-00-00 00:00:00', '0000-00-00 00:00:00'),
(840, 26, 1, '2017-07-06', 0, '0000-00-00 00:00:00', '0000-00-00 00:00:00'),
(841, 27, 1, '2017-07-06', 1, '0000-00-00 00:00:00', '0000-00-00 00:00:00'),
(842, 28, 1, '2017-07-06', 3, '0000-00-00 00:00:00', '0000-00-00 00:00:00'),
(843, 29, 1, '2017-07-06', 3, '0000-00-00 00:00:00', '0000-00-00 00:00:00'),
(844, 30, 1, '2017-07-06', 4, '0000-00-00 00:00:00', '0000-00-00 00:00:00'),
(845, 31, 1, '2017-07-06', 3, '0000-00-00 00:00:00', '0000-00-00 00:00:00'),
(846, 32, 1, '2017-07-06', 3, '0000-00-00 00:00:00', '0000-00-00 00:00:00'),
(847, 33, 1, '2017-07-06', 0, '0000-00-00 00:00:00', '0000-00-00 00:00:00'),
(848, 34, 1, '2017-07-06', 0, '0000-00-00 00:00:00', '0000-00-00 00:00:00'),
(849, 35, 1, '2017-07-06', 0, '0000-00-00 00:00:00', '0000-00-00 00:00:00'),
(850, 36, 1, '2017-07-06', 0, '0000-00-00 00:00:00', '0000-00-00 00:00:00'),
(851, 37, 1, '2017-07-06', 0, '0000-00-00 00:00:00', '0000-00-00 00:00:00'),
(852, 1, 2, '2017-07-06', 6, '0000-00-00 00:00:00', '0000-00-00 00:00:00'),
(853, 2, 2, '2017-07-06', 6, '0000-00-00 00:00:00', '0000-00-00 00:00:00'),
(854, 3, 2, '2017-07-06', 0, '0000-00-00 00:00:00', '0000-00-00 00:00:00'),
(855, 4, 2, '2017-07-06', 6, '0000-00-00 00:00:00', '0000-00-00 00:00:00'),
(856, 5, 2, '2017-07-06', 0, '0000-00-00 00:00:00', '0000-00-00 00:00:00'),
(857, 6, 2, '2017-07-06', 0, '0000-00-00 00:00:00', '0000-00-00 00:00:00'),
(858, 7, 2, '2017-07-06', 0, '0000-00-00 00:00:00', '0000-00-00 00:00:00'),
(859, 8, 2, '2017-07-06', 3, '0000-00-00 00:00:00', '0000-00-00 00:00:00'),
(860, 9, 2, '2017-07-06', 0, '0000-00-00 00:00:00', '0000-00-00 00:00:00'),
(861, 10, 2, '2017-07-06', 2, '0000-00-00 00:00:00', '0000-00-00 00:00:00'),
(862, 11, 2, '2017-07-06', 6, '0000-00-00 00:00:00', '0000-00-00 00:00:00'),
(863, 12, 2, '2017-07-06', 0, '0000-00-00 00:00:00', '0000-00-00 00:00:00'),
(864, 13, 2, '2017-07-06', 3, '0000-00-00 00:00:00', '0000-00-00 00:00:00'),
(865, 14, 2, '2017-07-06', 3, '0000-00-00 00:00:00', '0000-00-00 00:00:00'),
(866, 15, 2, '2017-07-06', 3, '0000-00-00 00:00:00', '0000-00-00 00:00:00'),
(867, 16, 2, '2017-07-06', 4, '0000-00-00 00:00:00', '0000-00-00 00:00:00'),
(868, 17, 2, '2017-07-06', 3, '0000-00-00 00:00:00', '0000-00-00 00:00:00'),
(869, 18, 2, '2017-07-06', 0, '0000-00-00 00:00:00', '0000-00-00 00:00:00'),
(870, 19, 2, '2017-07-06', 3, '0000-00-00 00:00:00', '0000-00-00 00:00:00'),
(871, 20, 2, '2017-07-06', 0, '0000-00-00 00:00:00', '0000-00-00 00:00:00'),
(872, 21, 2, '2017-07-06', 0, '0000-00-00 00:00:00', '0000-00-00 00:00:00'),
(873, 22, 2, '2017-07-06', 0, '0000-00-00 00:00:00', '0000-00-00 00:00:00'),
(874, 23, 2, '2017-07-06', 6, '0000-00-00 00:00:00', '0000-00-00 00:00:00'),
(875, 24, 2, '2017-07-06', 0, '0000-00-00 00:00:00', '0000-00-00 00:00:00'),
(876, 25, 2, '2017-07-06', 0, '0000-00-00 00:00:00', '0000-00-00 00:00:00'),
(877, 26, 2, '2017-07-06', 0, '0000-00-00 00:00:00', '0000-00-00 00:00:00'),
(878, 27, 2, '2017-07-06', 1, '0000-00-00 00:00:00', '0000-00-00 00:00:00'),
(879, 28, 2, '2017-07-06', 6, '0000-00-00 00:00:00', '0000-00-00 00:00:00'),
(880, 29, 2, '2017-07-06', 6, '0000-00-00 00:00:00', '0000-00-00 00:00:00'),
(881, 30, 2, '2017-07-06', 6, '0000-00-00 00:00:00', '0000-00-00 00:00:00'),
(882, 31, 2, '2017-07-06', 6, '0000-00-00 00:00:00', '0000-00-00 00:00:00'),
(883, 32, 2, '2017-07-06', 6, '0000-00-00 00:00:00', '0000-00-00 00:00:00'),
(884, 33, 2, '2017-07-06', 6, '0000-00-00 00:00:00', '0000-00-00 00:00:00'),
(885, 34, 2, '2017-07-06', 12, '0000-00-00 00:00:00', '0000-00-00 00:00:00'),
(886, 35, 2, '2017-07-06', 0, '0000-00-00 00:00:00', '0000-00-00 00:00:00'),
(887, 36, 2, '2017-07-06', 0, '0000-00-00 00:00:00', '0000-00-00 00:00:00'),
(888, 37, 2, '2017-07-06', 0, '0000-00-00 00:00:00', '0000-00-00 00:00:00'),
(889, 1, 9, '2017-07-06', 0, '0000-00-00 00:00:00', '0000-00-00 00:00:00'),
(890, 2, 9, '2017-07-06', 0, '0000-00-00 00:00:00', '0000-00-00 00:00:00'),
(891, 3, 9, '2017-07-06', 0, '0000-00-00 00:00:00', '0000-00-00 00:00:00'),
(892, 4, 9, '2017-07-06', 0, '0000-00-00 00:00:00', '0000-00-00 00:00:00'),
(893, 5, 9, '2017-07-06', 0, '0000-00-00 00:00:00', '0000-00-00 00:00:00'),
(894, 6, 9, '2017-07-06', 0, '0000-00-00 00:00:00', '0000-00-00 00:00:00'),
(895, 7, 9, '2017-07-06', 6, '0000-00-00 00:00:00', '0000-00-00 00:00:00'),
(896, 8, 9, '2017-07-06', 0, '0000-00-00 00:00:00', '0000-00-00 00:00:00'),
(897, 9, 9, '2017-07-06', 0, '0000-00-00 00:00:00', '0000-00-00 00:00:00'),
(898, 10, 9, '2017-07-06', 5, '0000-00-00 00:00:00', '0000-00-00 00:00:00'),
(899, 11, 9, '2017-07-06', 5, '0000-00-00 00:00:00', '0000-00-00 00:00:00'),
(900, 12, 9, '2017-07-06', 0, '0000-00-00 00:00:00', '0000-00-00 00:00:00'),
(901, 13, 9, '2017-07-06', 0, '0000-00-00 00:00:00', '0000-00-00 00:00:00'),
(902, 14, 9, '2017-07-06', 0, '0000-00-00 00:00:00', '0000-00-00 00:00:00'),
(903, 15, 9, '2017-07-06', 0, '0000-00-00 00:00:00', '0000-00-00 00:00:00'),
(904, 16, 9, '2017-07-06', 0, '0000-00-00 00:00:00', '0000-00-00 00:00:00'),
(905, 17, 9, '2017-07-06', 0, '0000-00-00 00:00:00', '0000-00-00 00:00:00'),
(906, 18, 9, '2017-07-06', 0, '0000-00-00 00:00:00', '0000-00-00 00:00:00'),
(907, 19, 9, '2017-07-06', 0, '0000-00-00 00:00:00', '0000-00-00 00:00:00'),
(908, 20, 9, '2017-07-06', 0, '0000-00-00 00:00:00', '0000-00-00 00:00:00'),
(909, 21, 9, '2017-07-06', 0, '0000-00-00 00:00:00', '0000-00-00 00:00:00'),
(910, 22, 9, '2017-07-06', 0, '0000-00-00 00:00:00', '0000-00-00 00:00:00'),
(911, 23, 9, '2017-07-06', 0, '0000-00-00 00:00:00', '0000-00-00 00:00:00'),
(912, 24, 9, '2017-07-06', 0, '0000-00-00 00:00:00', '0000-00-00 00:00:00'),
(913, 25, 9, '2017-07-06', 0, '0000-00-00 00:00:00', '0000-00-00 00:00:00'),
(914, 26, 9, '2017-07-06', 0, '0000-00-00 00:00:00', '0000-00-00 00:00:00'),
(915, 27, 9, '2017-07-06', 0, '0000-00-00 00:00:00', '0000-00-00 00:00:00'),
(916, 28, 9, '2017-07-06', 10, '0000-00-00 00:00:00', '0000-00-00 00:00:00'),
(917, 29, 9, '2017-07-06', 10, '0000-00-00 00:00:00', '0000-00-00 00:00:00'),
(918, 30, 9, '2017-07-06', 8, '0000-00-00 00:00:00', '0000-00-00 00:00:00'),
(919, 31, 9, '2017-07-06', 10, '0000-00-00 00:00:00', '0000-00-00 00:00:00'),
(920, 32, 9, '2017-07-06', 6, '0000-00-00 00:00:00', '0000-00-00 00:00:00'),
(921, 33, 9, '2017-07-06', 0, '0000-00-00 00:00:00', '0000-00-00 00:00:00'),
(922, 34, 9, '2017-07-06', 0, '0000-00-00 00:00:00', '0000-00-00 00:00:00'),
(923, 35, 9, '2017-07-06', 0, '0000-00-00 00:00:00', '0000-00-00 00:00:00'),
(924, 36, 9, '2017-07-06', 0, '0000-00-00 00:00:00', '0000-00-00 00:00:00'),
(925, 37, 9, '2017-07-06', 0, '0000-00-00 00:00:00', '0000-00-00 00:00:00'),
(926, 1, 1, '2017-07-07', 16, '0000-00-00 00:00:00', '0000-00-00 00:00:00'),
(927, 2, 1, '2017-07-07', 19, '0000-00-00 00:00:00', '0000-00-00 00:00:00'),
(928, 3, 1, '2017-07-07', 11, '0000-00-00 00:00:00', '0000-00-00 00:00:00'),
(929, 4, 1, '2017-07-07', 30, '0000-00-00 00:00:00', '0000-00-00 00:00:00'),
(930, 5, 1, '2017-07-07', 0, '0000-00-00 00:00:00', '0000-00-00 00:00:00'),
(931, 6, 1, '2017-07-07', 20, '0000-00-00 00:00:00', '0000-00-00 00:00:00'),
(932, 7, 1, '2017-07-07', 0, '0000-00-00 00:00:00', '0000-00-00 00:00:00'),
(933, 8, 1, '2017-07-07', 15, '0000-00-00 00:00:00', '0000-00-00 00:00:00'),
(934, 9, 1, '2017-07-07', 0, '0000-00-00 00:00:00', '0000-00-00 00:00:00'),
(935, 10, 1, '2017-07-07', 36, '0000-00-00 00:00:00', '0000-00-00 00:00:00'),
(936, 11, 1, '2017-07-07', 20, '0000-00-00 00:00:00', '0000-00-00 00:00:00'),
(937, 12, 1, '2017-07-07', 20, '0000-00-00 00:00:00', '0000-00-00 00:00:00'),
(938, 13, 1, '2017-07-07', 23, '0000-00-00 00:00:00', '0000-00-00 00:00:00'),
(939, 14, 1, '2017-07-07', 29, '0000-00-00 00:00:00', '0000-00-00 00:00:00'),
(940, 15, 1, '2017-07-07', 94, '0000-00-00 00:00:00', '0000-00-00 00:00:00'),
(941, 16, 1, '2017-07-07', 25, '0000-00-00 00:00:00', '0000-00-00 00:00:00'),
(942, 17, 1, '2017-07-07', 23, '0000-00-00 00:00:00', '0000-00-00 00:00:00'),
(943, 18, 1, '2017-07-07', 40, '0000-00-00 00:00:00', '0000-00-00 00:00:00'),
(944, 19, 1, '2017-07-07', 25, '0000-00-00 00:00:00', '0000-00-00 00:00:00'),
(945, 20, 1, '2017-07-07', 16, '0000-00-00 00:00:00', '0000-00-00 00:00:00'),
(946, 21, 1, '2017-07-07', 16, '0000-00-00 00:00:00', '0000-00-00 00:00:00'),
(947, 22, 1, '2017-07-07', 0, '0000-00-00 00:00:00', '0000-00-00 00:00:00'),
(948, 23, 1, '2017-07-07', 10, '0000-00-00 00:00:00', '0000-00-00 00:00:00'),
(949, 24, 1, '2017-07-07', 0, '0000-00-00 00:00:00', '0000-00-00 00:00:00'),
(950, 25, 1, '2017-07-07', 0, '0000-00-00 00:00:00', '0000-00-00 00:00:00'),
(951, 26, 1, '2017-07-07', 13, '0000-00-00 00:00:00', '0000-00-00 00:00:00'),
(952, 27, 1, '2017-07-07', 15, '0000-00-00 00:00:00', '0000-00-00 00:00:00'),
(953, 28, 1, '2017-07-07', 20, '0000-00-00 00:00:00', '0000-00-00 00:00:00'),
(954, 29, 1, '2017-07-07', 13, '0000-00-00 00:00:00', '0000-00-00 00:00:00'),
(955, 30, 1, '2017-07-07', 23, '0000-00-00 00:00:00', '0000-00-00 00:00:00'),
(956, 31, 1, '2017-07-07', 0, '0000-00-00 00:00:00', '0000-00-00 00:00:00'),
(957, 32, 1, '2017-07-07', 19, '0000-00-00 00:00:00', '0000-00-00 00:00:00'),
(958, 33, 1, '2017-07-07', 13, '0000-00-00 00:00:00', '0000-00-00 00:00:00'),
(959, 34, 1, '2017-07-07', 0, '0000-00-00 00:00:00', '0000-00-00 00:00:00'),
(960, 35, 1, '2017-07-07', 0, '0000-00-00 00:00:00', '0000-00-00 00:00:00'),
(961, 36, 1, '2017-07-07', 7, '0000-00-00 00:00:00', '0000-00-00 00:00:00'),
(962, 37, 1, '2017-07-07', 0, '0000-00-00 00:00:00', '0000-00-00 00:00:00'),
(963, 1, 2, '2017-07-07', 2, '0000-00-00 00:00:00', '0000-00-00 00:00:00'),
(964, 2, 2, '2017-07-07', 0, '0000-00-00 00:00:00', '0000-00-00 00:00:00'),
(965, 3, 2, '2017-07-07', 0, '0000-00-00 00:00:00', '0000-00-00 00:00:00'),
(966, 4, 2, '2017-07-07', 2, '0000-00-00 00:00:00', '0000-00-00 00:00:00'),
(967, 5, 2, '2017-07-07', 3, '0000-00-00 00:00:00', '0000-00-00 00:00:00'),
(968, 6, 2, '2017-07-07', 0, '0000-00-00 00:00:00', '0000-00-00 00:00:00'),
(969, 7, 2, '2017-07-07', 0, '0000-00-00 00:00:00', '0000-00-00 00:00:00'),
(970, 8, 2, '2017-07-07', 0, '0000-00-00 00:00:00', '0000-00-00 00:00:00'),
(971, 9, 2, '2017-07-07', 0, '0000-00-00 00:00:00', '0000-00-00 00:00:00'),
(972, 10, 2, '2017-07-07', 3, '0000-00-00 00:00:00', '0000-00-00 00:00:00'),
(973, 11, 2, '2017-07-07', 3, '0000-00-00 00:00:00', '0000-00-00 00:00:00'),
(974, 12, 2, '2017-07-07', 0, '0000-00-00 00:00:00', '0000-00-00 00:00:00'),
(975, 13, 2, '2017-07-07', 0, '0000-00-00 00:00:00', '0000-00-00 00:00:00'),
(976, 14, 2, '2017-07-07', 0, '0000-00-00 00:00:00', '0000-00-00 00:00:00'),
(977, 15, 2, '2017-07-07', 0, '0000-00-00 00:00:00', '0000-00-00 00:00:00'),
(978, 16, 2, '2017-07-07', 0, '0000-00-00 00:00:00', '0000-00-00 00:00:00'),
(979, 17, 2, '2017-07-07', 3, '0000-00-00 00:00:00', '0000-00-00 00:00:00'),
(980, 18, 2, '2017-07-07', 2, '0000-00-00 00:00:00', '0000-00-00 00:00:00'),
(981, 19, 2, '2017-07-07', 2, '0000-00-00 00:00:00', '0000-00-00 00:00:00'),
(982, 20, 2, '2017-07-07', 0, '0000-00-00 00:00:00', '0000-00-00 00:00:00'),
(983, 21, 2, '2017-07-07', 0, '0000-00-00 00:00:00', '0000-00-00 00:00:00'),
(984, 22, 2, '2017-07-07', 0, '0000-00-00 00:00:00', '0000-00-00 00:00:00'),
(985, 23, 2, '2017-07-07', 2, '0000-00-00 00:00:00', '0000-00-00 00:00:00'),
(986, 24, 2, '2017-07-07', 0, '0000-00-00 00:00:00', '0000-00-00 00:00:00'),
(987, 25, 2, '2017-07-07', 0, '0000-00-00 00:00:00', '0000-00-00 00:00:00'),
(988, 26, 2, '2017-07-07', 0, '0000-00-00 00:00:00', '0000-00-00 00:00:00'),
(989, 27, 2, '2017-07-07', 0, '0000-00-00 00:00:00', '0000-00-00 00:00:00'),
(990, 28, 2, '2017-07-07', 4, '0000-00-00 00:00:00', '0000-00-00 00:00:00'),
(991, 29, 2, '2017-07-07', 3, '0000-00-00 00:00:00', '0000-00-00 00:00:00'),
(992, 30, 2, '2017-07-07', 3, '0000-00-00 00:00:00', '0000-00-00 00:00:00'),
(993, 31, 2, '2017-07-07', 3, '0000-00-00 00:00:00', '0000-00-00 00:00:00'),
(994, 32, 2, '2017-07-07', 3, '0000-00-00 00:00:00', '0000-00-00 00:00:00'),
(995, 33, 2, '2017-07-07', 0, '0000-00-00 00:00:00', '0000-00-00 00:00:00'),
(996, 34, 2, '2017-07-07', 0, '0000-00-00 00:00:00', '0000-00-00 00:00:00'),
(997, 35, 2, '2017-07-07', 0, '0000-00-00 00:00:00', '0000-00-00 00:00:00'),
(998, 36, 2, '2017-07-07', 0, '0000-00-00 00:00:00', '0000-00-00 00:00:00'),
(999, 37, 2, '2017-07-07', 0, '0000-00-00 00:00:00', '0000-00-00 00:00:00'),
(1000, 1, 5, '2017-07-07', 0, '0000-00-00 00:00:00', '0000-00-00 00:00:00'),
(1001, 2, 5, '2017-07-07', 0, '0000-00-00 00:00:00', '0000-00-00 00:00:00'),
(1002, 3, 5, '2017-07-07', 0, '0000-00-00 00:00:00', '0000-00-00 00:00:00'),
(1003, 4, 5, '2017-07-07', 5, '0000-00-00 00:00:00', '0000-00-00 00:00:00'),
(1004, 5, 5, '2017-07-07', 5, '0000-00-00 00:00:00', '0000-00-00 00:00:00'),
(1005, 6, 5, '2017-07-07', 10, '0000-00-00 00:00:00', '0000-00-00 00:00:00'),
(1006, 7, 5, '2017-07-07', 0, '0000-00-00 00:00:00', '0000-00-00 00:00:00'),
(1007, 8, 5, '2017-07-07', 3, '0000-00-00 00:00:00', '0000-00-00 00:00:00'),
(1008, 9, 5, '2017-07-07', 0, '0000-00-00 00:00:00', '0000-00-00 00:00:00'),
(1009, 10, 5, '2017-07-07', 5, '0000-00-00 00:00:00', '0000-00-00 00:00:00'),
(1010, 11, 5, '2017-07-07', 5, '0000-00-00 00:00:00', '0000-00-00 00:00:00'),
(1011, 12, 5, '2017-07-07', 0, '0000-00-00 00:00:00', '0000-00-00 00:00:00'),
(1012, 13, 5, '2017-07-07', 2, '0000-00-00 00:00:00', '0000-00-00 00:00:00'),
(1013, 14, 5, '2017-07-07', 5, '0000-00-00 00:00:00', '0000-00-00 00:00:00'),
(1014, 15, 5, '2017-07-07', 5, '0000-00-00 00:00:00', '0000-00-00 00:00:00'),
(1015, 16, 5, '2017-07-07', 0, '0000-00-00 00:00:00', '0000-00-00 00:00:00'),
(1016, 17, 5, '2017-07-07', 5, '0000-00-00 00:00:00', '0000-00-00 00:00:00'),
(1017, 18, 5, '2017-07-07', 5, '0000-00-00 00:00:00', '0000-00-00 00:00:00'),
(1018, 19, 5, '2017-07-07', 0, '0000-00-00 00:00:00', '0000-00-00 00:00:00'),
(1019, 20, 5, '2017-07-07', 0, '0000-00-00 00:00:00', '0000-00-00 00:00:00'),
(1020, 21, 5, '2017-07-07', 0, '0000-00-00 00:00:00', '0000-00-00 00:00:00'),
(1021, 22, 5, '2017-07-07', 5, '0000-00-00 00:00:00', '0000-00-00 00:00:00'),
(1022, 23, 5, '2017-07-07', 0, '0000-00-00 00:00:00', '0000-00-00 00:00:00'),
(1023, 24, 5, '2017-07-07', 5, '0000-00-00 00:00:00', '0000-00-00 00:00:00'),
(1024, 25, 5, '2017-07-07', 0, '0000-00-00 00:00:00', '0000-00-00 00:00:00'),
(1025, 26, 5, '2017-07-07', 0, '0000-00-00 00:00:00', '0000-00-00 00:00:00'),
(1026, 27, 5, '2017-07-07', 0, '0000-00-00 00:00:00', '0000-00-00 00:00:00'),
(1027, 28, 5, '2017-07-07', 10, '0000-00-00 00:00:00', '0000-00-00 00:00:00'),
(1028, 29, 5, '2017-07-07', 10, '0000-00-00 00:00:00', '0000-00-00 00:00:00'),
(1029, 30, 5, '2017-07-07', 10, '0000-00-00 00:00:00', '0000-00-00 00:00:00'),
(1030, 31, 5, '2017-07-07', 5, '0000-00-00 00:00:00', '0000-00-00 00:00:00'),
(1031, 32, 5, '2017-07-07', 0, '0000-00-00 00:00:00', '0000-00-00 00:00:00'),
(1032, 33, 5, '2017-07-07', 5, '0000-00-00 00:00:00', '0000-00-00 00:00:00'),
(1033, 34, 5, '2017-07-07', 0, '0000-00-00 00:00:00', '0000-00-00 00:00:00'),
(1034, 35, 5, '2017-07-07', 0, '0000-00-00 00:00:00', '0000-00-00 00:00:00'),
(1035, 36, 5, '2017-07-07', 0, '0000-00-00 00:00:00', '0000-00-00 00:00:00'),
(1036, 37, 5, '2017-07-07', 0, '0000-00-00 00:00:00', '0000-00-00 00:00:00'),
(1037, 1, 8, '2017-07-07', 6, '0000-00-00 00:00:00', '0000-00-00 00:00:00'),
(1038, 2, 8, '2017-07-07', 6, '0000-00-00 00:00:00', '0000-00-00 00:00:00'),
(1039, 3, 8, '2017-07-07', 0, '0000-00-00 00:00:00', '0000-00-00 00:00:00'),
(1040, 4, 8, '2017-07-07', 6, '0000-00-00 00:00:00', '0000-00-00 00:00:00'),
(1041, 5, 8, '2017-07-07', 6, '0000-00-00 00:00:00', '0000-00-00 00:00:00'),
(1042, 6, 8, '2017-07-07', 0, '0000-00-00 00:00:00', '0000-00-00 00:00:00'),
(1043, 7, 8, '2017-07-07', 6, '0000-00-00 00:00:00', '0000-00-00 00:00:00'),
(1044, 8, 8, '2017-07-07', 6, '0000-00-00 00:00:00', '0000-00-00 00:00:00'),
(1045, 9, 8, '2017-07-07', 6, '0000-00-00 00:00:00', '0000-00-00 00:00:00'),
(1046, 10, 8, '2017-07-07', 6, '0000-00-00 00:00:00', '0000-00-00 00:00:00'),
(1047, 11, 8, '2017-07-07', 6, '0000-00-00 00:00:00', '0000-00-00 00:00:00'),
(1048, 12, 8, '2017-07-07', 6, '0000-00-00 00:00:00', '0000-00-00 00:00:00'),
(1049, 13, 8, '2017-07-07', 6, '0000-00-00 00:00:00', '0000-00-00 00:00:00'),
(1050, 14, 8, '2017-07-07', 6, '0000-00-00 00:00:00', '0000-00-00 00:00:00'),
(1051, 15, 8, '2017-07-07', 6, '0000-00-00 00:00:00', '0000-00-00 00:00:00'),
(1052, 16, 8, '2017-07-07', 6, '0000-00-00 00:00:00', '0000-00-00 00:00:00'),
(1053, 17, 8, '2017-07-07', 6, '0000-00-00 00:00:00', '0000-00-00 00:00:00'),
(1054, 18, 8, '2017-07-07', 6, '0000-00-00 00:00:00', '0000-00-00 00:00:00'),
(1055, 19, 8, '2017-07-07', 6, '0000-00-00 00:00:00', '0000-00-00 00:00:00'),
(1056, 20, 8, '2017-07-07', 6, '0000-00-00 00:00:00', '0000-00-00 00:00:00'),
(1057, 21, 8, '2017-07-07', 6, '0000-00-00 00:00:00', '0000-00-00 00:00:00'),
(1058, 22, 8, '2017-07-07', 6, '0000-00-00 00:00:00', '0000-00-00 00:00:00'),
(1059, 23, 8, '2017-07-07', 6, '0000-00-00 00:00:00', '0000-00-00 00:00:00'),
(1060, 24, 8, '2017-07-07', 6, '0000-00-00 00:00:00', '0000-00-00 00:00:00'),
(1061, 25, 8, '2017-07-07', 6, '0000-00-00 00:00:00', '0000-00-00 00:00:00'),
(1062, 26, 8, '2017-07-07', 6, '0000-00-00 00:00:00', '0000-00-00 00:00:00'),
(1063, 27, 8, '2017-07-07', 6, '0000-00-00 00:00:00', '0000-00-00 00:00:00'),
(1064, 28, 8, '2017-07-07', 6, '0000-00-00 00:00:00', '0000-00-00 00:00:00'),
(1065, 29, 8, '2017-07-07', 6, '0000-00-00 00:00:00', '0000-00-00 00:00:00'),
(1066, 30, 8, '2017-07-07', 6, '0000-00-00 00:00:00', '0000-00-00 00:00:00'),
(1067, 31, 8, '2017-07-07', 6, '0000-00-00 00:00:00', '0000-00-00 00:00:00'),
(1068, 32, 8, '2017-07-07', 6, '0000-00-00 00:00:00', '0000-00-00 00:00:00'),
(1069, 33, 8, '2017-07-07', 0, '0000-00-00 00:00:00', '0000-00-00 00:00:00'),
(1070, 34, 8, '2017-07-07', 0, '0000-00-00 00:00:00', '0000-00-00 00:00:00'),
(1071, 35, 8, '2017-07-07', 0, '0000-00-00 00:00:00', '0000-00-00 00:00:00'),
(1072, 36, 8, '2017-07-07', 0, '0000-00-00 00:00:00', '0000-00-00 00:00:00'),
(1073, 37, 8, '2017-07-07', 0, '0000-00-00 00:00:00', '0000-00-00 00:00:00'),
(1074, 1, 1, '2017-07-08', 19, '0000-00-00 00:00:00', '0000-00-00 00:00:00'),
(1075, 2, 1, '2017-07-08', 14, '0000-00-00 00:00:00', '0000-00-00 00:00:00'),
(1076, 3, 1, '2017-07-08', 10, '0000-00-00 00:00:00', '0000-00-00 00:00:00'),
(1077, 4, 1, '2017-07-08', 33, '0000-00-00 00:00:00', '0000-00-00 00:00:00'),
(1078, 5, 1, '2017-07-08', 0, '0000-00-00 00:00:00', '0000-00-00 00:00:00'),
(1079, 6, 1, '2017-07-08', 26, '0000-00-00 00:00:00', '0000-00-00 00:00:00'),
(1080, 7, 1, '2017-07-08', 0, '0000-00-00 00:00:00', '0000-00-00 00:00:00'),
(1081, 8, 1, '2017-07-08', 25, '0000-00-00 00:00:00', '0000-00-00 00:00:00'),
(1082, 9, 1, '2017-07-08', 0, '0000-00-00 00:00:00', '0000-00-00 00:00:00'),
(1083, 10, 1, '2017-07-08', 37, '0000-00-00 00:00:00', '0000-00-00 00:00:00'),
(1084, 11, 1, '2017-07-08', 21, '0000-00-00 00:00:00', '0000-00-00 00:00:00'),
(1085, 12, 1, '2017-07-08', 0, '0000-00-00 00:00:00', '0000-00-00 00:00:00'),
(1086, 13, 1, '2017-07-08', 26, '0000-00-00 00:00:00', '0000-00-00 00:00:00'),
(1087, 14, 1, '2017-07-08', 46, '0000-00-00 00:00:00', '0000-00-00 00:00:00'),
(1088, 15, 1, '2017-07-08', 84, '0000-00-00 00:00:00', '0000-00-00 00:00:00'),
(1089, 16, 1, '2017-07-08', 22, '0000-00-00 00:00:00', '0000-00-00 00:00:00'),
(1090, 17, 1, '2017-07-08', 20, '0000-00-00 00:00:00', '0000-00-00 00:00:00'),
(1091, 18, 1, '2017-07-08', 50, '0000-00-00 00:00:00', '0000-00-00 00:00:00'),
(1092, 19, 1, '2017-07-08', 35, '0000-00-00 00:00:00', '0000-00-00 00:00:00'),
(1093, 20, 1, '2017-07-08', 17, '0000-00-00 00:00:00', '0000-00-00 00:00:00'),
(1094, 21, 1, '2017-07-08', 20, '0000-00-00 00:00:00', '0000-00-00 00:00:00'),
(1095, 22, 1, '2017-07-08', 0, '0000-00-00 00:00:00', '0000-00-00 00:00:00'),
(1096, 23, 1, '2017-07-08', 20, '0000-00-00 00:00:00', '0000-00-00 00:00:00'),
(1097, 24, 1, '2017-07-08', 0, '0000-00-00 00:00:00', '0000-00-00 00:00:00'),
(1098, 25, 1, '2017-07-08', 0, '0000-00-00 00:00:00', '0000-00-00 00:00:00'),
(1099, 26, 1, '2017-07-08', 15, '0000-00-00 00:00:00', '0000-00-00 00:00:00'),
(1100, 27, 1, '2017-07-08', 15, '0000-00-00 00:00:00', '0000-00-00 00:00:00'),
(1101, 28, 1, '2017-07-08', 28, '0000-00-00 00:00:00', '0000-00-00 00:00:00'),
(1102, 29, 1, '2017-07-08', 20, '0000-00-00 00:00:00', '0000-00-00 00:00:00'),
(1103, 30, 1, '2017-07-08', 17, '0000-00-00 00:00:00', '0000-00-00 00:00:00'),
(1104, 31, 1, '2017-07-08', 25, '0000-00-00 00:00:00', '0000-00-00 00:00:00'),
(1105, 32, 1, '2017-07-08', 29, '0000-00-00 00:00:00', '0000-00-00 00:00:00'),
(1106, 33, 1, '2017-07-08', 18, '0000-00-00 00:00:00', '0000-00-00 00:00:00'),
(1107, 34, 1, '2017-07-08', 0, '0000-00-00 00:00:00', '0000-00-00 00:00:00'),
(1108, 35, 1, '2017-07-08', 0, '0000-00-00 00:00:00', '0000-00-00 00:00:00'),
(1109, 36, 1, '2017-07-08', 10, '0000-00-00 00:00:00', '0000-00-00 00:00:00'),
(1110, 37, 1, '2017-07-08', 0, '0000-00-00 00:00:00', '0000-00-00 00:00:00'),
(1111, 1, 2, '2017-07-08', 0, '0000-00-00 00:00:00', '0000-00-00 00:00:00'),
(1112, 2, 2, '2017-07-08', 0, '0000-00-00 00:00:00', '0000-00-00 00:00:00'),
(1113, 3, 2, '2017-07-08', 0, '0000-00-00 00:00:00', '0000-00-00 00:00:00'),
(1114, 4, 2, '2017-07-08', 0, '0000-00-00 00:00:00', '0000-00-00 00:00:00'),
(1115, 5, 2, '2017-07-08', 0, '0000-00-00 00:00:00', '0000-00-00 00:00:00'),
(1116, 6, 2, '2017-07-08', 0, '0000-00-00 00:00:00', '0000-00-00 00:00:00'),
(1117, 7, 2, '2017-07-08', 3, '0000-00-00 00:00:00', '0000-00-00 00:00:00'),
(1118, 8, 2, '2017-07-08', 2, '0000-00-00 00:00:00', '0000-00-00 00:00:00'),
(1119, 9, 2, '2017-07-08', 2, '0000-00-00 00:00:00', '0000-00-00 00:00:00'),
(1120, 10, 2, '2017-07-08', 3, '0000-00-00 00:00:00', '0000-00-00 00:00:00'),
(1121, 11, 2, '2017-07-08', 2, '0000-00-00 00:00:00', '0000-00-00 00:00:00'),
(1122, 12, 2, '2017-07-08', 0, '0000-00-00 00:00:00', '0000-00-00 00:00:00'),
(1123, 13, 2, '2017-07-08', 0, '0000-00-00 00:00:00', '0000-00-00 00:00:00'),
(1124, 14, 2, '2017-07-08', 4, '0000-00-00 00:00:00', '0000-00-00 00:00:00'),
(1125, 15, 2, '2017-07-08', 4, '0000-00-00 00:00:00', '0000-00-00 00:00:00'),
(1126, 16, 2, '2017-07-08', 0, '0000-00-00 00:00:00', '0000-00-00 00:00:00'),
(1127, 17, 2, '2017-07-08', 3, '0000-00-00 00:00:00', '0000-00-00 00:00:00'),
(1128, 18, 2, '2017-07-08', 2, '0000-00-00 00:00:00', '0000-00-00 00:00:00'),
(1129, 19, 2, '2017-07-08', 2, '0000-00-00 00:00:00', '0000-00-00 00:00:00'),
(1130, 20, 2, '2017-07-08', 0, '0000-00-00 00:00:00', '0000-00-00 00:00:00'),
(1131, 21, 2, '2017-07-08', 0, '0000-00-00 00:00:00', '0000-00-00 00:00:00'),
(1132, 22, 2, '2017-07-08', 10, '0000-00-00 00:00:00', '0000-00-00 00:00:00'),
(1133, 23, 2, '2017-07-08', 0, '0000-00-00 00:00:00', '0000-00-00 00:00:00'),
(1134, 24, 2, '2017-07-08', 0, '0000-00-00 00:00:00', '0000-00-00 00:00:00'),
(1135, 25, 2, '2017-07-08', 0, '0000-00-00 00:00:00', '0000-00-00 00:00:00'),
(1136, 26, 2, '2017-07-08', 0, '0000-00-00 00:00:00', '0000-00-00 00:00:00'),
(1137, 27, 2, '2017-07-08', 2, '0000-00-00 00:00:00', '0000-00-00 00:00:00'),
(1138, 28, 2, '2017-07-08', 4, '0000-00-00 00:00:00', '0000-00-00 00:00:00'),
(1139, 29, 2, '2017-07-08', 4, '0000-00-00 00:00:00', '0000-00-00 00:00:00'),
(1140, 30, 2, '2017-07-08', 4, '0000-00-00 00:00:00', '0000-00-00 00:00:00'),
(1141, 31, 2, '2017-07-08', 2, '0000-00-00 00:00:00', '0000-00-00 00:00:00'),
(1142, 32, 2, '2017-07-08', 4, '0000-00-00 00:00:00', '0000-00-00 00:00:00'),
(1143, 33, 2, '2017-07-08', 0, '0000-00-00 00:00:00', '0000-00-00 00:00:00'),
(1144, 34, 2, '2017-07-08', 0, '0000-00-00 00:00:00', '0000-00-00 00:00:00'),
(1145, 35, 2, '2017-07-08', 0, '0000-00-00 00:00:00', '0000-00-00 00:00:00'),
(1146, 36, 2, '2017-07-08', 0, '0000-00-00 00:00:00', '0000-00-00 00:00:00'),
(1147, 37, 2, '2017-07-08', 0, '0000-00-00 00:00:00', '0000-00-00 00:00:00'),
(1148, 1, 4, '2017-07-08', 0, '0000-00-00 00:00:00', '0000-00-00 00:00:00'),
(1149, 2, 4, '2017-07-08', 0, '0000-00-00 00:00:00', '0000-00-00 00:00:00'),
(1150, 3, 4, '2017-07-08', 0, '0000-00-00 00:00:00', '0000-00-00 00:00:00'),
(1151, 4, 4, '2017-07-08', 0, '0000-00-00 00:00:00', '0000-00-00 00:00:00'),
(1152, 5, 4, '2017-07-08', 0, '0000-00-00 00:00:00', '0000-00-00 00:00:00'),
(1153, 6, 4, '2017-07-08', 0, '0000-00-00 00:00:00', '0000-00-00 00:00:00'),
(1154, 7, 4, '2017-07-08', 5, '0000-00-00 00:00:00', '0000-00-00 00:00:00'),
(1155, 8, 4, '2017-07-08', 5, '0000-00-00 00:00:00', '0000-00-00 00:00:00'),
(1156, 9, 4, '2017-07-08', 0, '0000-00-00 00:00:00', '0000-00-00 00:00:00'),
(1157, 10, 4, '2017-07-08', 3, '0000-00-00 00:00:00', '0000-00-00 00:00:00'),
(1158, 11, 4, '2017-07-08', 10, '0000-00-00 00:00:00', '0000-00-00 00:00:00'),
(1159, 12, 4, '2017-07-08', 5, '0000-00-00 00:00:00', '0000-00-00 00:00:00'),
(1160, 13, 4, '2017-07-08', 5, '0000-00-00 00:00:00', '0000-00-00 00:00:00'),
(1161, 14, 4, '2017-07-08', 0, '0000-00-00 00:00:00', '0000-00-00 00:00:00'),
(1162, 15, 4, '2017-07-08', 0, '0000-00-00 00:00:00', '0000-00-00 00:00:00'),
(1163, 16, 4, '2017-07-08', 0, '0000-00-00 00:00:00', '0000-00-00 00:00:00'),
(1164, 17, 4, '2017-07-08', 5, '0000-00-00 00:00:00', '0000-00-00 00:00:00'),
(1165, 18, 4, '2017-07-08', 0, '0000-00-00 00:00:00', '0000-00-00 00:00:00'),
(1166, 19, 4, '2017-07-08', 5, '0000-00-00 00:00:00', '0000-00-00 00:00:00'),
(1167, 20, 4, '2017-07-08', 0, '0000-00-00 00:00:00', '0000-00-00 00:00:00'),
(1168, 21, 4, '2017-07-08', 0, '0000-00-00 00:00:00', '0000-00-00 00:00:00'),
(1169, 22, 4, '2017-07-08', 0, '0000-00-00 00:00:00', '0000-00-00 00:00:00'),
(1170, 23, 4, '2017-07-08', 0, '0000-00-00 00:00:00', '0000-00-00 00:00:00'),
(1171, 24, 4, '2017-07-08', 0, '0000-00-00 00:00:00', '0000-00-00 00:00:00'),
(1172, 25, 4, '2017-07-08', 0, '0000-00-00 00:00:00', '0000-00-00 00:00:00'),
(1173, 26, 4, '2017-07-08', 0, '0000-00-00 00:00:00', '0000-00-00 00:00:00'),
(1174, 27, 4, '2017-07-08', 0, '0000-00-00 00:00:00', '0000-00-00 00:00:00'),
(1175, 28, 4, '2017-07-08', 5, '0000-00-00 00:00:00', '0000-00-00 00:00:00'),
(1176, 29, 4, '2017-07-08', 0, '0000-00-00 00:00:00', '0000-00-00 00:00:00'),
(1177, 30, 4, '2017-07-08', 5, '0000-00-00 00:00:00', '0000-00-00 00:00:00'),
(1178, 31, 4, '2017-07-08', 5, '0000-00-00 00:00:00', '0000-00-00 00:00:00'),
(1179, 32, 4, '2017-07-08', 0, '0000-00-00 00:00:00', '0000-00-00 00:00:00'),
(1180, 33, 4, '2017-07-08', 0, '0000-00-00 00:00:00', '0000-00-00 00:00:00'),
(1181, 34, 4, '2017-07-08', 0, '0000-00-00 00:00:00', '0000-00-00 00:00:00'),
(1182, 35, 4, '2017-07-08', 0, '0000-00-00 00:00:00', '0000-00-00 00:00:00'),
(1183, 36, 4, '2017-07-08', 0, '0000-00-00 00:00:00', '0000-00-00 00:00:00'),
(1184, 37, 4, '2017-07-08', 0, '0000-00-00 00:00:00', '0000-00-00 00:00:00'),
(1185, 1, 3, '2017-07-08', 0, '0000-00-00 00:00:00', '0000-00-00 00:00:00'),
(1186, 2, 3, '2017-07-08', 0, '0000-00-00 00:00:00', '0000-00-00 00:00:00'),
(1187, 3, 3, '2017-07-08', 0, '0000-00-00 00:00:00', '0000-00-00 00:00:00'),
(1188, 4, 3, '2017-07-08', 0, '0000-00-00 00:00:00', '0000-00-00 00:00:00'),
(1189, 5, 3, '2017-07-08', 0, '0000-00-00 00:00:00', '0000-00-00 00:00:00'),
(1190, 6, 3, '2017-07-08', 0, '0000-00-00 00:00:00', '0000-00-00 00:00:00'),
(1191, 7, 3, '2017-07-08', 6, '0000-00-00 00:00:00', '0000-00-00 00:00:00'),
(1192, 8, 3, '2017-07-08', 0, '0000-00-00 00:00:00', '0000-00-00 00:00:00'),
(1193, 9, 3, '2017-07-08', 0, '0000-00-00 00:00:00', '0000-00-00 00:00:00'),
(1194, 10, 3, '2017-07-08', 0, '0000-00-00 00:00:00', '0000-00-00 00:00:00'),
(1195, 11, 3, '2017-07-08', 5, '0000-00-00 00:00:00', '0000-00-00 00:00:00'),
(1196, 12, 3, '2017-07-08', 0, '0000-00-00 00:00:00', '0000-00-00 00:00:00'),
(1197, 13, 3, '2017-07-08', 0, '0000-00-00 00:00:00', '0000-00-00 00:00:00'),
(1198, 14, 3, '2017-07-08', 0, '0000-00-00 00:00:00', '0000-00-00 00:00:00'),
(1199, 15, 3, '2017-07-08', 0, '0000-00-00 00:00:00', '0000-00-00 00:00:00'),
(1200, 16, 3, '2017-07-08', 0, '0000-00-00 00:00:00', '0000-00-00 00:00:00'),
(1201, 17, 3, '2017-07-08', 0, '0000-00-00 00:00:00', '0000-00-00 00:00:00'),
(1202, 18, 3, '2017-07-08', 0, '0000-00-00 00:00:00', '0000-00-00 00:00:00'),
(1203, 19, 3, '2017-07-08', 0, '0000-00-00 00:00:00', '0000-00-00 00:00:00'),
(1204, 20, 3, '2017-07-08', 0, '0000-00-00 00:00:00', '0000-00-00 00:00:00'),
(1205, 21, 3, '2017-07-08', 0, '0000-00-00 00:00:00', '0000-00-00 00:00:00'),
(1206, 22, 3, '2017-07-08', 0, '0000-00-00 00:00:00', '0000-00-00 00:00:00'),
(1207, 23, 3, '2017-07-08', 0, '0000-00-00 00:00:00', '0000-00-00 00:00:00'),
(1208, 24, 3, '2017-07-08', 0, '0000-00-00 00:00:00', '0000-00-00 00:00:00'),
(1209, 25, 3, '2017-07-08', 0, '0000-00-00 00:00:00', '0000-00-00 00:00:00'),
(1210, 26, 3, '2017-07-08', 0, '0000-00-00 00:00:00', '0000-00-00 00:00:00'),
(1211, 27, 3, '2017-07-08', 0, '0000-00-00 00:00:00', '0000-00-00 00:00:00'),
(1212, 28, 3, '2017-07-08', 0, '0000-00-00 00:00:00', '0000-00-00 00:00:00'),
(1213, 29, 3, '2017-07-08', 6, '0000-00-00 00:00:00', '0000-00-00 00:00:00'),
(1214, 30, 3, '2017-07-08', 6, '0000-00-00 00:00:00', '0000-00-00 00:00:00'),
(1215, 31, 3, '2017-07-08', 6, '0000-00-00 00:00:00', '0000-00-00 00:00:00'),
(1216, 32, 3, '2017-07-08', 6, '0000-00-00 00:00:00', '0000-00-00 00:00:00'),
(1217, 33, 3, '2017-07-08', 0, '0000-00-00 00:00:00', '0000-00-00 00:00:00'),
(1218, 34, 3, '2017-07-08', 0, '0000-00-00 00:00:00', '0000-00-00 00:00:00'),
(1219, 35, 3, '2017-07-08', 0, '0000-00-00 00:00:00', '0000-00-00 00:00:00'),
(1220, 36, 3, '2017-07-08', 0, '0000-00-00 00:00:00', '0000-00-00 00:00:00'),
(1221, 37, 3, '2017-07-08', 0, '0000-00-00 00:00:00', '0000-00-00 00:00:00'),
(1222, 1, 8, '2017-07-08', 6, '0000-00-00 00:00:00', '0000-00-00 00:00:00'),
(1223, 2, 8, '2017-07-08', 6, '0000-00-00 00:00:00', '0000-00-00 00:00:00'),
(1224, 3, 8, '2017-07-08', 0, '0000-00-00 00:00:00', '0000-00-00 00:00:00'),
(1225, 4, 8, '2017-07-08', 6, '0000-00-00 00:00:00', '0000-00-00 00:00:00'),
(1226, 5, 8, '2017-07-08', 6, '0000-00-00 00:00:00', '0000-00-00 00:00:00'),
(1227, 6, 8, '2017-07-08', 0, '0000-00-00 00:00:00', '0000-00-00 00:00:00'),
(1228, 7, 8, '2017-07-08', 6, '0000-00-00 00:00:00', '0000-00-00 00:00:00'),
(1229, 8, 8, '2017-07-08', 6, '0000-00-00 00:00:00', '0000-00-00 00:00:00'),
(1230, 9, 8, '2017-07-08', 6, '0000-00-00 00:00:00', '0000-00-00 00:00:00'),
(1231, 10, 8, '2017-07-08', 6, '0000-00-00 00:00:00', '0000-00-00 00:00:00'),
(1232, 11, 8, '2017-07-08', 6, '0000-00-00 00:00:00', '0000-00-00 00:00:00'),
(1233, 12, 8, '2017-07-08', 6, '0000-00-00 00:00:00', '0000-00-00 00:00:00'),
(1234, 13, 8, '2017-07-08', 6, '0000-00-00 00:00:00', '0000-00-00 00:00:00'),
(1235, 14, 8, '2017-07-08', 6, '0000-00-00 00:00:00', '0000-00-00 00:00:00'),
(1236, 15, 8, '2017-07-08', 6, '0000-00-00 00:00:00', '0000-00-00 00:00:00'),
(1237, 16, 8, '2017-07-08', 6, '0000-00-00 00:00:00', '0000-00-00 00:00:00'),
(1238, 17, 8, '2017-07-08', 6, '0000-00-00 00:00:00', '0000-00-00 00:00:00'),
(1239, 18, 8, '2017-07-08', 6, '0000-00-00 00:00:00', '0000-00-00 00:00:00'),
(1240, 19, 8, '2017-07-08', 6, '0000-00-00 00:00:00', '0000-00-00 00:00:00'),
(1241, 20, 8, '2017-07-08', 6, '0000-00-00 00:00:00', '0000-00-00 00:00:00'),
(1242, 21, 8, '2017-07-08', 6, '0000-00-00 00:00:00', '0000-00-00 00:00:00'),
(1243, 22, 8, '2017-07-08', 6, '0000-00-00 00:00:00', '0000-00-00 00:00:00'),
(1244, 23, 8, '2017-07-08', 6, '0000-00-00 00:00:00', '0000-00-00 00:00:00'),
(1245, 24, 8, '2017-07-08', 6, '0000-00-00 00:00:00', '0000-00-00 00:00:00'),
(1246, 25, 8, '2017-07-08', 0, '0000-00-00 00:00:00', '0000-00-00 00:00:00'),
(1247, 26, 8, '2017-07-08', 6, '0000-00-00 00:00:00', '0000-00-00 00:00:00'),
(1248, 27, 8, '2017-07-08', 6, '0000-00-00 00:00:00', '0000-00-00 00:00:00'),
(1249, 28, 8, '2017-07-08', 6, '0000-00-00 00:00:00', '0000-00-00 00:00:00'),
(1250, 29, 8, '2017-07-08', 6, '0000-00-00 00:00:00', '0000-00-00 00:00:00'),
(1251, 30, 8, '2017-07-08', 6, '0000-00-00 00:00:00', '0000-00-00 00:00:00'),
(1252, 31, 8, '2017-07-08', 6, '0000-00-00 00:00:00', '0000-00-00 00:00:00'),
(1253, 32, 8, '2017-07-08', 6, '0000-00-00 00:00:00', '0000-00-00 00:00:00'),
(1254, 33, 8, '2017-07-08', 6, '0000-00-00 00:00:00', '0000-00-00 00:00:00'),
(1255, 34, 8, '2017-07-08', 0, '0000-00-00 00:00:00', '0000-00-00 00:00:00'),
(1256, 35, 8, '2017-07-08', 6, '0000-00-00 00:00:00', '0000-00-00 00:00:00'),
(1257, 36, 8, '2017-07-08', 0, '0000-00-00 00:00:00', '0000-00-00 00:00:00'),
(1258, 37, 8, '2017-07-08', 0, '0000-00-00 00:00:00', '0000-00-00 00:00:00');

-- --------------------------------------------------------

--
-- Struktur dari tabel `migrations`
--

CREATE TABLE `migrations` (
  `id` int(10) UNSIGNED NOT NULL,
  `migration` varchar(255) COLLATE utf8mb4_unicode_ci NOT NULL,
  `batch` int(11) NOT NULL
) ENGINE=InnoDB DEFAULT CHARSET=utf8mb4 COLLATE=utf8mb4_unicode_ci;

--
-- Dumping data untuk tabel `migrations`
--

INSERT INTO `migrations` (`id`, `migration`, `batch`) VALUES
(1, '2014_10_12_000000_create_users_table', 1),
(2, '2014_10_12_100000_create_password_resets_table', 1),
(3, '2018_02_08_121443_create_commodities_table', 2),
(4, '2018_02_08_121518_create_outlets_table', 2),
(5, '2018_02_08_121625_create_demands_table', 2),
(6, '2018_02_08_121709_create_packagings_table', 2),
(7, '2018_02_08_121812_create_boms_table', 2);

-- --------------------------------------------------------

--
-- Struktur dari tabel `outlets`
--

CREATE TABLE `outlets` (
  `id` int(10) UNSIGNED NOT NULL,
  `name` varchar(191) COLLATE utf8mb4_unicode_ci NOT NULL,
  `initial` varchar(191) COLLATE utf8mb4_unicode_ci NOT NULL,
  `address` varchar(191) COLLATE utf8mb4_unicode_ci NOT NULL,
  `created_at` timestamp NULL DEFAULT NULL,
  `updated_at` timestamp NULL DEFAULT NULL
) ENGINE=InnoDB DEFAULT CHARSET=utf8mb4 COLLATE=utf8mb4_unicode_ci;

--
-- Dumping data untuk tabel `outlets`
--

INSERT INTO `outlets` (`id`, `name`, `initial`, `address`, `created_at`, `updated_at`) VALUES
(1, 'SUPERINDO', 'SPI', 'Jalan Kaliurang', '0000-00-00 00:00:00', '0000-00-00 00:00:00'),
(2, 'INDOGROSIR', 'IGR', 'Jalan Kaliurang', '0000-00-00 00:00:00', '0000-00-00 00:00:00'),
(3, 'CAREFOUR', 'CFR', 'Jalan Solo', '0000-00-00 00:00:00', '0000-00-00 00:00:00'),
(4, 'HERO', 'HRO', 'Jalan Parangtritis', '0000-00-00 00:00:00', '0000-00-00 00:00:00'),
(5, 'GIANT', 'GNT', 'Ring Road', '0000-00-00 00:00:00', '0000-00-00 00:00:00'),
(6, 'HYPERMART', 'HPM', 'Jalan Godean', '0000-00-00 00:00:00', '0000-00-00 00:00:00'),
(7, 'HARTONO', 'HRT', 'Jalan Solo', '0000-00-00 00:00:00', '0000-00-00 00:00:00'),
(8, 'MIROTA', 'MRT', 'Jalan Kaliurang', '0000-00-00 00:00:00', '0000-00-00 00:00:00'),
(9, 'PROGO', 'PRG', 'Jalan Mataram', '0000-00-00 00:00:00', '0000-00-00 00:00:00'),
(10, 'JOGJA CITY MALL', 'JCM', 'Jalan Magelang', '0000-00-00 00:00:00', '0000-00-00 00:00:00');

-- --------------------------------------------------------

--
-- Struktur dari tabel `packagings`
--

CREATE TABLE `packagings` (
  `id` int(10) UNSIGNED NOT NULL,
  `name` varchar(191) COLLATE utf8mb4_unicode_ci NOT NULL,
  `time` int(11) NOT NULL,
  `created_at` timestamp NULL DEFAULT NULL,
  `updated_at` timestamp NULL DEFAULT NULL
) ENGINE=InnoDB DEFAULT CHARSET=utf8mb4 COLLATE=utf8mb4_unicode_ci;

--
-- Dumping data untuk tabel `packagings`
--

INSERT INTO `packagings` (`id`, `name`, `time`, `created_at`, `updated_at`) VALUES
(1, 'Plastik Kecil', 7, '0000-00-00 00:00:00', '0000-00-00 00:00:00'),
(2, 'Plastik Besar', 7, '0000-00-00 00:00:00', '0000-00-00 00:00:00'),
(3, 'Anyaman Kecil', 7, '0000-00-00 00:00:00', '0000-00-00 00:00:00'),
(4, 'Anyaman Besar', 7, '0000-00-00 00:00:00', '0000-00-00 00:00:00'),
(5, 'Plastik Khusus', 7, '0000-00-00 00:00:00', '0000-00-00 00:00:00'),
(6, 'Isolasi', 7, '2018-02-09 06:31:22', '2018-02-09 06:31:22'),
(7, 'Plastik Wraping', 7, '2018-02-09 18:13:12', '2018-02-09 18:13:12'),
(8, 'Belum Tahu', 100, '2018-02-09 18:23:29', '2018-02-09 18:23:29');

-- --------------------------------------------------------

--
-- Struktur dari tabel `password_resets`
--

CREATE TABLE `password_resets` (
  `email` varchar(191) COLLATE utf8mb4_unicode_ci NOT NULL,
  `token` varchar(191) COLLATE utf8mb4_unicode_ci NOT NULL,
  `created_at` timestamp NULL DEFAULT NULL
) ENGINE=InnoDB DEFAULT CHARSET=utf8mb4 COLLATE=utf8mb4_unicode_ci;

-- --------------------------------------------------------

--
-- Struktur dari tabel `users`
--

CREATE TABLE `users` (
  `id` int(10) UNSIGNED NOT NULL,
  `name` varchar(191) COLLATE utf8mb4_unicode_ci NOT NULL,
  `email` varchar(191) COLLATE utf8mb4_unicode_ci NOT NULL,
  `password` varchar(191) COLLATE utf8mb4_unicode_ci NOT NULL,
  `remember_token` varchar(100) COLLATE utf8mb4_unicode_ci DEFAULT NULL,
  `created_at` timestamp NULL DEFAULT NULL,
  `updated_at` timestamp NULL DEFAULT NULL
) ENGINE=InnoDB DEFAULT CHARSET=utf8mb4 COLLATE=utf8mb4_unicode_ci;

--
-- Indexes for dumped tables
--

--
-- Indexes for table `boms`
--
ALTER TABLE `boms`
  ADD PRIMARY KEY (`id`);

--
-- Indexes for table `commodities`
--
ALTER TABLE `commodities`
  ADD PRIMARY KEY (`id`);

--
-- Indexes for table `demands`
--
ALTER TABLE `demands`
  ADD PRIMARY KEY (`id`);

--
-- Indexes for table `migrations`
--
ALTER TABLE `migrations`
  ADD PRIMARY KEY (`id`);

--
-- Indexes for table `outlets`
--
ALTER TABLE `outlets`
  ADD PRIMARY KEY (`id`);

--
-- Indexes for table `packagings`
--
ALTER TABLE `packagings`
  ADD PRIMARY KEY (`id`);

--
-- Indexes for table `password_resets`
--
ALTER TABLE `password_resets`
  ADD KEY `password_resets_email_index` (`email`);

--
-- Indexes for table `users`
--
ALTER TABLE `users`
  ADD PRIMARY KEY (`id`),
  ADD UNIQUE KEY `users_email_unique` (`email`);

--
-- AUTO_INCREMENT for dumped tables
--

--
-- AUTO_INCREMENT for table `boms`
--
ALTER TABLE `boms`
  MODIFY `id` int(10) UNSIGNED NOT NULL AUTO_INCREMENT, AUTO_INCREMENT=371;

--
-- AUTO_INCREMENT for table `commodities`
--
ALTER TABLE `commodities`
  MODIFY `id` int(10) UNSIGNED NOT NULL AUTO_INCREMENT, AUTO_INCREMENT=38;

--
-- AUTO_INCREMENT for table `demands`
--
ALTER TABLE `demands`
  MODIFY `id` int(10) UNSIGNED NOT NULL AUTO_INCREMENT, AUTO_INCREMENT=1259;

--
-- AUTO_INCREMENT for table `migrations`
--
ALTER TABLE `migrations`
  MODIFY `id` int(10) UNSIGNED NOT NULL AUTO_INCREMENT, AUTO_INCREMENT=8;

--
-- AUTO_INCREMENT for table `outlets`
--
ALTER TABLE `outlets`
  MODIFY `id` int(10) UNSIGNED NOT NULL AUTO_INCREMENT, AUTO_INCREMENT=11;

--
-- AUTO_INCREMENT for table `packagings`
--
ALTER TABLE `packagings`
  MODIFY `id` int(10) UNSIGNED NOT NULL AUTO_INCREMENT, AUTO_INCREMENT=9;

--
-- AUTO_INCREMENT for table `users`
--
ALTER TABLE `users`
  MODIFY `id` int(10) UNSIGNED NOT NULL AUTO_INCREMENT;
COMMIT;

/*!40101 SET CHARACTER_SET_CLIENT=@OLD_CHARACTER_SET_CLIENT */;
/*!40101 SET CHARACTER_SET_RESULTS=@OLD_CHARACTER_SET_RESULTS */;
/*!40101 SET COLLATION_CONNECTION=@OLD_COLLATION_CONNECTION */;
